stem,image_exists,mask_exists,img_h,img_w,pixels,aspect_ratio,mask_h,mask_w,mask_coverage_x,mask_pixels_x,mask_size_class,same_size,touch_top,touch_bottom,touch_left,touch_right,touches_any_border,n_borders_touched,dx,label,label_name,mask_pixels_y,mask_coverage_y,equivalent_diameter_px,centroid_x,centroid_y,bbox_xmin,bbox_ymin,bbox_xmax,bbox_ymax,bbox_width,bbox_height,dataset,safe_id,image_path,xai_gradcam_path,xai_shap_path,xai_lime_path,model_prob_malignant,dx_xai,label_name_xai,pseudo_npz_path,preview_png_path,mask_pixels_224,asymmetry_mean,border_irregularity_mean,border_w8_dil2_sigma5_mean,border_w12_dil4_sigma8_mean,border_w16_dil6_sigma10_mean,border_w16_dil6_sigma10_dist_mean,colour_heterogeneity_mean
ISIC_0033299,True,True,450,600,270000,1.3333333333333333,450,600,0.6462407407407408,174485,normal,True,False,False,True,True,True,2,mel,1.0,malignant,174485,0.6462407407407408,471.33979458890894,309.33775969281027,213.9448032782188,0,20,599,412,600,393,ham10000,ham10000_ISIC_0033299,../data/ham10000/images/ISIC_0033299.jpg,../outputs/pilot/xai_maps/gradcam/ham10000_ISIC_0033299.npy,../outputs/pilot/xai_maps/shap/ham10000_ISIC_0033299.npy,../outputs/pilot/xai_maps/lime/ham10000_ISIC_0033299.npy,0.999998927116394,mel,malignant,../outputs/pilot/pseudo_concepts/npz/ham10000/ISIC_0033299.npz,../outputs/pilot/pseudo_concepts/png_preview/ham10000/ISIC_0033299.png,32458,0.0831228047609329,0.0087262615561485,0.0087262615561485,0.0206686872988939,0.0309319011867046,0.0258161425590515,0.3658215403556824
ISIC_0025439,True,True,450,600,270000,1.3333333333333333,450,600,0.525537037037037,141895,normal,True,False,True,False,False,True,1,mel,1.0,malignant,141895,0.525537037037037,425.0486151020797,316.80101483491313,235.3898798407273,59,1,597,449,539,449,ham10000,ham10000_ISIC_0025439,../data/ham10000/images/ISIC_0025439.jpg,../outputs/pilot/xai_maps/gradcam/ham10000_ISIC_0025439.npy,../outputs/pilot/xai_maps/shap/ham10000_ISIC_0025439.npy,../outputs/pilot/xai_maps/lime/ham10000_ISIC_0025439.npy,0.999929666519165,mel,malignant,../outputs/pilot/pseudo_concepts/npz/ham10000/ISIC_0025439.npz,../outputs/pilot/pseudo_concepts/png_preview/ham10000/ISIC_0025439.png,26362,0.2401562929153442,0.0131119545549154,0.0131119545549154,0.0189800634980201,0.0262942612171173,0.0220994725823402,0.3685977756977081
ISIC_0034034,True,True,450,600,270000,1.3333333333333333,450,600,0.1073777777777777,28992,normal,True,False,False,False,False,False,0,mel,1.0,malignant,28992,0.1073777777777777,192.12954192669548,282.2438258830022,225.07729718543047,172,131,393,318,222,188,ham10000,ham10000_ISIC_0034034,../data/ham10000/images/ISIC_0034034.jpg,../outputs/pilot/xai_maps/gradcam/ham10000_ISIC_0034034.npy,../outputs/pilot/xai_maps/shap/ham10000_ISIC_0034034.npy,../outputs/pilot/xai_maps/lime/ham10000_ISIC_0034034.npy,0.9998170733451844,mel,malignant,../outputs/pilot/pseudo_concepts/npz/ham10000/ISIC_0034034.npz,../outputs/pilot/pseudo_concepts/png_preview/ham10000/ISIC_0034034.png,5377,0.1407848298549652,0.062804214656353,0.062804214656353,0.079422689974308,0.1083354279398918,0.0918234288692474,0.3419091701507568
ISIC_0032624,True,True,450,600,270000,1.3333333333333333,450,600,0.1183333333333333,31950,normal,True,False,False,False,False,False,0,mel,1.0,malignant,31950,0.1183333333333333,201.69284433089948,291.9868544600939,229.5235054773083,174,97,407,362,234,266,ham10000,ham10000_ISIC_0032624,../data/ham10000/images/ISIC_0032624.jpg,../outputs/pilot/xai_maps/gradcam/ham10000_ISIC_0032624.npy,../outputs/pilot/xai_maps/shap/ham10000_ISIC_0032624.npy,../outputs/pilot/xai_maps/lime/ham10000_ISIC_0032624.npy,0.968142569065094,mel,malignant,../outputs/pilot/pseudo_concepts/npz/ham10000/ISIC_0032624.npz,../outputs/pilot/pseudo_concepts/png_preview/ham10000/ISIC_0032624.png,5935,0.3388374149799347,0.0414119325578212,0.0414119325578212,0.0788895040750503,0.1240021288394928,0.1045356765389442,0.3931903839111328
ISIC_0027622,True,True,450,600,270000,1.3333333333333333,450,600,0.4073185185185185,109976,normal,True,False,False,False,False,False,0,mel,1.0,malignant,109976,0.4073185185185185,374.20020332944,301.6799938168328,252.07460718702265,86,69,528,442,443,374,ham10000,ham10000_ISIC_0027622,../data/ham10000/images/ISIC_0027622.jpg,../outputs/pilot/xai_maps/gradcam/ham10000_ISIC_0027622.npy,../outputs/pilot/xai_maps/shap/ham10000_ISIC_0027622.npy,../outputs/pilot/xai_maps/lime/ham10000_ISIC_0027622.npy,0.9997170567512512,mel,malignant,../outputs/pilot/pseudo_concepts/npz/ham10000/ISIC_0027622.npz,../outputs/pilot/pseudo_concepts/png_preview/ham10000/ISIC_0027622.png,20459,0.1032308489084243,0.0270844176411628,0.0270844176411628,0.0233549382537603,0.0305497497320175,0.0254582688212394,0.2791029512882232
ISIC_0033261,True,True,450,600,270000,1.3333333333333333,450,600,0.4878962962962963,131732,normal,True,False,False,False,False,False,0,mel,1.0,malignant,131732,0.4878962962962963,409.54412669094944,298.2842893146692,225.1429037743297,22,62,572,374,551,313,ham10000,ham10000_ISIC_0033261,../data/ham10000/images/ISIC_0033261.jpg,../outputs/pilot/xai_maps/gradcam/ham10000_ISIC_0033261.npy,../outputs/pilot/xai_maps/shap/ham10000_ISIC_0033261.npy,../outputs/pilot/xai_maps/lime/ham10000_ISIC_0033261.npy,0.996776282787323,mel,malignant,../outputs/pilot/pseudo_concepts/npz/ham10000/ISIC_0033261.npz,../outputs/pilot/pseudo_concepts/png_preview/ham10000/ISIC_0033261.png,24484,0.05791537463665,0.0158249679952859,0.0158249679952859,0.0291593149304389,0.0396728403866291,0.0335563085973262,0.2960999310016632
ISIC_0033611,True,True,450,600,270000,1.3333333333333333,450,600,0.086174074074074,23267,normal,True,False,False,False,False,False,0,mel,1.0,malignant,23267,0.086174074074074,172.1175891283428,298.4410108737697,244.57811492672025,203,158,399,317,197,160,ham10000,ham10000_ISIC_0033611,../data/ham10000/images/ISIC_0033611.jpg,../outputs/pilot/xai_maps/gradcam/ham10000_ISIC_0033611.npy,../outputs/pilot/xai_maps/shap/ham10000_ISIC_0033611.npy,../outputs/pilot/xai_maps/lime/ham10000_ISIC_0033611.npy,0.9722108840942384,mel,malignant,../outputs/pilot/pseudo_concepts/npz/ham10000/ISIC_0033611.npz,../outputs/pilot/pseudo_concepts/png_preview/ham10000/ISIC_0033611.png,4302,0.1006508618593216,0.0469664670526981,0.0469664670526981,0.0667987912893295,0.0896650850772857,0.0768138095736503,0.3088554739952087
ISIC_0027261,True,True,450,600,270000,1.3333333333333333,450,600,0.0655259259259259,17692,normal,True,False,False,False,False,False,0,mel,1.0,malignant,17692,0.0655259259259259,150.08715476500478,279.9376554374859,220.47111688898937,174,159,372,281,199,123,ham10000,ham10000_ISIC_0027261,../data/ham10000/images/ISIC_0027261.jpg,../outputs/pilot/xai_maps/gradcam/ham10000_ISIC_0027261.npy,../outputs/pilot/xai_maps/shap/ham10000_ISIC_0027261.npy,../outputs/pilot/xai_maps/lime/ham10000_ISIC_0027261.npy,0.9989534616470336,mel,malignant,../outputs/pilot/pseudo_concepts/npz/ham10000/ISIC_0027261.npz,../outputs/pilot/pseudo_concepts/png_preview/ham10000/ISIC_0027261.png,3270,0.0984709486365318,0.0683196634054184,0.0683196634054184,0.0861441642045974,0.1071083173155784,0.0920723900198936,0.3872455656528473
ISIC_0025748,True,True,450,600,270000,1.3333333333333333,450,600,0.2815666666666667,76023,normal,True,False,False,False,False,False,0,mel,1.0,malignant,76023,0.2815666666666667,311.1197356475498,304.8333136024624,223.32161319600647,141,64,477,374,337,311,ham10000,ham10000_ISIC_0025748,../data/ham10000/images/ISIC_0025748.jpg,../outputs/pilot/xai_maps/gradcam/ham10000_ISIC_0025748.npy,../outputs/pilot/xai_maps/shap/ham10000_ISIC_0025748.npy,../outputs/pilot/xai_maps/lime/ham10000_ISIC_0025748.npy,0.9992870688438416,mel,malignant,../outputs/pilot/pseudo_concepts/npz/ham10000/ISIC_0025748.npz,../outputs/pilot/pseudo_concepts/png_preview/ham10000/ISIC_0025748.png,14140,0.1039603948593139,0.0281246360391378,0.0281246360391378,0.03868243470788,0.0471317656338214,0.0401255562901496,0.2598694562911987
ISIC_0033995,True,True,450,600,270000,1.3333333333333333,450,600,0.1459666666666666,39411,normal,True,False,False,False,False,False,0,mel,1.0,malignant,39411,0.1459666666666666,224.0081331058261,300.9221790870569,226.7247215244475,166,141,443,326,278,186,ham10000,ham10000_ISIC_0033995,../data/ham10000/images/ISIC_0033995.jpg,../outputs/pilot/xai_maps/gradcam/ham10000_ISIC_0033995.npy,../outputs/pilot/xai_maps/shap/ham10000_ISIC_0033995.npy,../outputs/pilot/xai_maps/lime/ham10000_ISIC_0033995.npy,0.9675594568252563,mel,malignant,../outputs/pilot/pseudo_concepts/npz/ham10000/ISIC_0033995.npz,../outputs/pilot/pseudo_concepts/png_preview/ham10000/ISIC_0033995.png,7306,0.0938954278826713,0.0304751973599195,0.0304751973599195,0.0528642572462558,0.0675148218870163,0.0582756213843822,0.3196398019790649
ISIC_0031598,True,True,450,600,270000,1.3333333333333333,450,600,0.0429925925925925,11608,small,True,False,False,False,False,False,0,mel,1.0,malignant,11608,0.0429925925925925,121.57205532228927,307.39576154376294,217.2978980013784,240,162,372,275,133,114,ham10000,ham10000_ISIC_0031598,../data/ham10000/images/ISIC_0031598.jpg,../outputs/pilot/xai_maps/gradcam/ham10000_ISIC_0031598.npy,../outputs/pilot/xai_maps/shap/ham10000_ISIC_0031598.npy,../outputs/pilot/xai_maps/lime/ham10000_ISIC_0031598.npy,0.5921071171760559,mel,malignant,../outputs/pilot/pseudo_concepts/npz/ham10000/ISIC_0031598.npz,../outputs/pilot/pseudo_concepts/png_preview/ham10000/ISIC_0031598.png,2140,0.0775700956583023,0.0822555869817733,0.0822555869817733,0.1615715473890304,0.2383169680833816,0.2005480825901031,0.3619247376918793
ISIC_0025268,True,True,450,600,270000,1.3333333333333333,450,600,0.579337037037037,156421,normal,True,False,True,True,True,True,3,mel,1.0,malignant,156421,0.579337037037037,446.2750304767441,310.7980961635586,268.6977643666771,0,55,599,449,600,395,ham10000,ham10000_ISIC_0025268,../data/ham10000/images/ISIC_0025268.jpg,../outputs/pilot/xai_maps/gradcam/ham10000_ISIC_0025268.npy,../outputs/pilot/xai_maps/shap/ham10000_ISIC_0025268.npy,../outputs/pilot/xai_maps/lime/ham10000_ISIC_0025268.npy,0.9991863369941713,mel,malignant,../outputs/pilot/pseudo_concepts/npz/ham10000/ISIC_0025268.npz,../outputs/pilot/pseudo_concepts/png_preview/ham10000/ISIC_0025268.png,29052,0.230483278632164,0.007584995124489,0.007584995124489,0.017503147944808,0.0273427758365869,0.0231001432985067,0.2866902351379394
ISIC_0033820,True,True,450,600,270000,1.3333333333333333,450,600,0.0441296296296296,11915,small,True,False,False,False,False,False,0,mel,1.0,malignant,11915,0.0441296296296296,123.16918922977231,346.51221149811164,152.829878304658,284,91,413,216,130,126,ham10000,ham10000_ISIC_0033820,../data/ham10000/images/ISIC_0033820.jpg,../outputs/pilot/xai_maps/gradcam/ham10000_ISIC_0033820.npy,../outputs/pilot/xai_maps/shap/ham10000_ISIC_0033820.npy,../outputs/pilot/xai_maps/lime/ham10000_ISIC_0033820.npy,0.9999806880950928,mel,malignant,../outputs/pilot/pseudo_concepts/npz/ham10000/ISIC_0033820.npz,../outputs/pilot/pseudo_concepts/png_preview/ham10000/ISIC_0033820.png,2225,0.0782022476196289,0.0665644407272338,0.0665644407272338,0.1114178001880645,0.1683539003133773,0.1447353065013885,0.3278813660144806
ISIC_0033241,True,True,450,600,270000,1.3333333333333333,450,600,0.5426518518518518,146516,normal,True,False,False,False,False,False,0,mel,1.0,malignant,146516,0.5426518518518518,431.91430300051087,286.44756204100577,222.72222146386744,31,45,576,408,546,364,ham10000,ham10000_ISIC_0033241,../data/ham10000/images/ISIC_0033241.jpg,../outputs/pilot/xai_maps/gradcam/ham10000_ISIC_0033241.npy,../outputs/pilot/xai_maps/shap/ham10000_ISIC_0033241.npy,../outputs/pilot/xai_maps/lime/ham10000_ISIC_0033241.npy,0.9983491897583008,mel,malignant,../outputs/pilot/pseudo_concepts/npz/ham10000/ISIC_0033241.npz,../outputs/pilot/pseudo_concepts/png_preview/ham10000/ISIC_0033241.png,27254,0.1062596291303634,0.0163183249533176,0.0163183249533176,0.0237323008477687,0.0328482761979103,0.0281648952513933,0.2937633693218231
ISIC_0031561,True,True,450,600,270000,1.3333333333333333,450,600,0.3454259259259259,93265,normal,True,False,False,False,False,False,0,mel,1.0,malignant,93265,0.3454259259259259,344.5993124481315,256.4312228595936,224.65906824639467,31,64,496,428,466,365,ham10000,ham10000_ISIC_0031561,../data/ham10000/images/ISIC_0031561.jpg,../outputs/pilot/xai_maps/gradcam/ham10000_ISIC_0031561.npy,../outputs/pilot/xai_maps/shap/ham10000_ISIC_0031561.npy,../outputs/pilot/xai_maps/lime/ham10000_ISIC_0031561.npy,0.999921441078186,mel,malignant,../outputs/pilot/pseudo_concepts/npz/ham10000/ISIC_0031561.npz,../outputs/pilot/pseudo_concepts/png_preview/ham10000/ISIC_0031561.png,17342,0.2704417109489441,0.0351198501884937,0.0351198501884937,0.0471186116337776,0.0568046644330024,0.0480475313961505,0.3240334689617157
ISIC_0030521,True,True,450,600,270000,1.3333333333333333,450,600,0.0595074074074074,16067,normal,True,False,False,False,False,False,0,mel,1.0,malignant,16067,0.0595074074074074,143.028457886044,306.02470903093297,220.9309765357565,230,158,389,284,160,127,ham10000,ham10000_ISIC_0030521,../data/ham10000/images/ISIC_0030521.jpg,../outputs/pilot/xai_maps/gradcam/ham10000_ISIC_0030521.npy,../outputs/pilot/xai_maps/shap/ham10000_ISIC_0030521.npy,../outputs/pilot/xai_maps/lime/ham10000_ISIC_0030521.npy,0.8686370849609375,mel,malignant,../outputs/pilot/pseudo_concepts/npz/ham10000/ISIC_0030521.npz,../outputs/pilot/pseudo_concepts/png_preview/ham10000/ISIC_0030521.png,2968,0.1374663114547729,0.0828412026166915,0.0828412026166915,0.1093685030937194,0.1473132371902465,0.1238611862063407,0.3468250334262848
ISIC_0030165,True,True,450,600,270000,1.3333333333333333,450,600,0.0823777777777777,22242,normal,True,False,False,False,False,False,0,mel,1.0,malignant,22242,0.0823777777777777,168.2836710854606,288.34016725114645,214.8359410124989,181,153,392,287,212,135,ham10000,ham10000_ISIC_0030165,../data/ham10000/images/ISIC_0030165.jpg,../outputs/pilot/xai_maps/gradcam/ham10000_ISIC_0030165.npy,../outputs/pilot/xai_maps/shap/ham10000_ISIC_0030165.npy,../outputs/pilot/xai_maps/lime/ham10000_ISIC_0030165.npy,0.997261881828308,mel,malignant,../outputs/pilot/pseudo_concepts/npz/ham10000/ISIC_0030165.npz,../outputs/pilot/pseudo_concepts/png_preview/ham10000/ISIC_0030165.png,4113,0.0991976633667945,0.0456549003720283,0.0456549003720283,0.1056098341941833,0.1488250792026519,0.125210091471672,0.3697109520435333
ISIC_0024823,True,True,450,600,270000,1.3333333333333333,450,600,0.445937037037037,120403,normal,True,False,False,False,False,False,0,mel,1.0,malignant,120403,0.445937037037037,391.5378154211261,352.051717980449,237.1772298032441,126,45,553,425,428,381,ham10000,ham10000_ISIC_0024823,../data/ham10000/images/ISIC_0024823.jpg,../outputs/pilot/xai_maps/gradcam/ham10000_ISIC_0024823.npy,../outputs/pilot/xai_maps/shap/ham10000_ISIC_0024823.npy,../outputs/pilot/xai_maps/lime/ham10000_ISIC_0024823.npy,0.9999222755432128,mel,malignant,../outputs/pilot/pseudo_concepts/npz/ham10000/ISIC_0024823.npz,../outputs/pilot/pseudo_concepts/png_preview/ham10000/ISIC_0024823.png,22397,0.0651426538825035,0.0104872500523924,0.0104872500523924,0.0184180121868848,0.0291700903326272,0.024596843868494,0.3095020949840545
ISIC_0027402,True,True,450,600,270000,1.3333333333333333,450,600,0.0861518518518518,23261,normal,True,False,False,False,False,False,0,mel,1.0,malignant,23261,0.0861518518518518,172.09539520302283,299.41154722496884,217.9679721422123,204,138,395,303,192,166,ham10000,ham10000_ISIC_0027402,../data/ham10000/images/ISIC_0027402.jpg,../outputs/pilot/xai_maps/gradcam/ham10000_ISIC_0027402.npy,../outputs/pilot/xai_maps/shap/ham10000_ISIC_0027402.npy,../outputs/pilot/xai_maps/lime/ham10000_ISIC_0027402.npy,0.9986808896064758,mel,malignant,../outputs/pilot/pseudo_concepts/npz/ham10000/ISIC_0027402.npz,../outputs/pilot/pseudo_concepts/png_preview/ham10000/ISIC_0027402.png,4298,0.0942298769950866,0.0456850118935108,0.0456850118935108,0.0763230547308921,0.1152995154261589,0.0968794226646423,0.374183714389801
ISIC_0033004,True,True,450,600,270000,1.3333333333333333,450,600,0.4553407407407407,122942,normal,True,False,False,False,False,False,0,mel,1.0,malignant,122942,0.4553407407407407,395.644557789982,305.30676253843274,221.44699126417336,74,39,523,410,450,372,ham10000,ham10000_ISIC_0033004,../data/ham10000/images/ISIC_0033004.jpg,../outputs/pilot/xai_maps/gradcam/ham10000_ISIC_0033004.npy,../outputs/pilot/xai_maps/shap/ham10000_ISIC_0033004.npy,../outputs/pilot/xai_maps/lime/ham10000_ISIC_0033004.npy,0.8673072457313538,mel,malignant,../outputs/pilot/pseudo_concepts/npz/ham10000/ISIC_0033004.npz,../outputs/pilot/pseudo_concepts/png_preview/ham10000/ISIC_0033004.png,22872,0.0943074524402618,0.021584702655673,0.021584702655673,0.0362965613603591,0.0440235808491706,0.0382280237972736,0.3963688313961029
ISIC_0025524,True,True,450,600,270000,1.3333333333333333,450,600,0.8785518518518518,237209,normal,True,True,True,False,True,True,3,mel,1.0,malignant,237209,0.8785518518518518,549.5669924286603,330.6030799843176,224.7398285899776,3,0,599,449,597,450,ham10000,ham10000_ISIC_0025524,../data/ham10000/images/ISIC_0025524.jpg,../outputs/pilot/xai_maps/gradcam/ham10000_ISIC_0025524.npy,../outputs/pilot/xai_maps/shap/ham10000_ISIC_0025524.npy,../outputs/pilot/xai_maps/lime/ham10000_ISIC_0025524.npy,0.9999895095825196,mel,malignant,../outputs/pilot/pseudo_concepts/npz/ham10000/ISIC_0025524.npz,../outputs/pilot/pseudo_concepts/png_preview/ham10000/ISIC_0025524.png,44112,0.1231410950422287,0.0054345158860087,0.0054345158860087,0.0106773599982261,0.0099865468218922,0.0082893334329128,0.3191776871681213
ISIC_0025550,True,True,450,600,270000,1.3333333333333333,450,600,0.0767962962962962,20735,normal,True,False,False,False,False,False,0,mel,1.0,malignant,20735,0.0767962962962962,162.4826820312971,289.88738847359537,217.7496985772848,204,127,369,308,166,182,ham10000,ham10000_ISIC_0025550,../data/ham10000/images/ISIC_0025550.jpg,../outputs/pilot/xai_maps/gradcam/ham10000_ISIC_0025550.npy,../outputs/pilot/xai_maps/shap/ham10000_ISIC_0025550.npy,../outputs/pilot/xai_maps/lime/ham10000_ISIC_0025550.npy,0.6147454977035522,mel,malignant,../outputs/pilot/pseudo_concepts/npz/ham10000/ISIC_0025550.npz,../outputs/pilot/pseudo_concepts/png_preview/ham10000/ISIC_0025550.png,3839,0.137535810470581,0.0299132838845253,0.0299132838845253,0.0482339672744274,0.0698043629527092,0.0624527744948864,0.2670831680297851
ISIC_0033068,True,True,450,600,270000,1.3333333333333333,450,600,0.101737037037037,27469,normal,True,False,False,False,False,False,0,mel,1.0,malignant,27469,0.101737037037037,187.01501825877563,286.77654810877715,242.8979576977684,157,156,401,318,245,163,ham10000,ham10000_ISIC_0033068,../data/ham10000/images/ISIC_0033068.jpg,../outputs/pilot/xai_maps/gradcam/ham10000_ISIC_0033068.npy,../outputs/pilot/xai_maps/shap/ham10000_ISIC_0033068.npy,../outputs/pilot/xai_maps/lime/ham10000_ISIC_0033068.npy,0.9995356798171996,mel,malignant,../outputs/pilot/pseudo_concepts/npz/ham10000/ISIC_0033068.npz,../outputs/pilot/pseudo_concepts/png_preview/ham10000/ISIC_0033068.png,5084,0.19905586540699,0.0485519468784332,0.0485519468784332,0.0860087051987648,0.1221912279725074,0.1025652214884758,0.3565148115158081
ISIC_0024932,True,True,450,600,270000,1.3333333333333333,450,600,0.1071111111111111,28920,normal,True,False,False,False,False,False,0,mel,1.0,malignant,28920,0.1071111111111111,191.89082217172583,298.7299446749654,232.35504840940524,204,132,390,334,187,203,ham10000,ham10000_ISIC_0024932,../data/ham10000/images/ISIC_0024932.jpg,../outputs/pilot/xai_maps/gradcam/ham10000_ISIC_0024932.npy,../outputs/pilot/xai_maps/shap/ham10000_ISIC_0024932.npy,../outputs/pilot/xai_maps/lime/ham10000_ISIC_0024932.npy,0.9989690780639648,mel,malignant,../outputs/pilot/pseudo_concepts/npz/ham10000/ISIC_0024932.npz,../outputs/pilot/pseudo_concepts/png_preview/ham10000/ISIC_0024932.png,5361,0.0706957653164863,0.0367079116404056,0.0367079116404056,0.0626981928944587,0.0989823564887046,0.0854655131697654,0.3258919715881347
ISIC_0026950,True,True,450,600,270000,1.3333333333333333,450,600,0.5216333333333333,140841,normal,True,False,True,False,False,True,1,mel,1.0,malignant,140841,0.5216333333333333,423.46703616697846,255.1039399038632,238.24818057241853,25,43,527,449,503,407,ham10000,ham10000_ISIC_0026950,../data/ham10000/images/ISIC_0026950.jpg,../outputs/pilot/xai_maps/gradcam/ham10000_ISIC_0026950.npy,../outputs/pilot/xai_maps/shap/ham10000_ISIC_0026950.npy,../outputs/pilot/xai_maps/lime/ham10000_ISIC_0026950.npy,0.9782408475875854,mel,malignant,../outputs/pilot/pseudo_concepts/npz/ham10000/ISIC_0026950.npz,../outputs/pilot/pseudo_concepts/png_preview/ham10000/ISIC_0026950.png,26196,0.1786532253026962,0.0122564053162932,0.0122564053162932,0.0167375914752483,0.0221392419189214,0.018984030932188,0.2280732095241546
ISIC_0031852,True,True,450,600,270000,1.3333333333333333,450,600,0.2092592592592592,56500,normal,True,False,False,False,False,False,0,akiec,0.0,benign,56500,0.2092592592592592,268.2126661392722,306.83630088495573,222.52407079646017,163,97,454,354,292,258,ham10000,ham10000_ISIC_0031852,../data/ham10000/images/ISIC_0031852.jpg,../outputs/pilot/xai_maps/gradcam/ham10000_ISIC_0031852.npy,../outputs/pilot/xai_maps/shap/ham10000_ISIC_0031852.npy,../outputs/pilot/xai_maps/lime/ham10000_ISIC_0031852.npy,0.5860438346862793,akiec,benign,../outputs/pilot/pseudo_concepts/npz/ham10000/ISIC_0031852.npz,../outputs/pilot/pseudo_concepts/png_preview/ham10000/ISIC_0031852.png,10497,0.131085067987442,0.0402768887579441,0.0402768887579441,0.0561822429299354,0.0739500522613525,0.0622847341001033,0.2841637432575226
ISIC_0027758,True,True,450,600,270000,1.3333333333333333,450,600,0.1403814814814814,37903,normal,True,False,False,False,False,False,0,nv,0.0,benign,37903,0.1403814814814814,219.6806738520639,241.1176951692478,240.6425612748332,117,137,373,342,257,206,ham10000,ham10000_ISIC_0027758,../data/ham10000/images/ISIC_0027758.jpg,../outputs/pilot/xai_maps/gradcam/ham10000_ISIC_0027758.npy,../outputs/pilot/xai_maps/shap/ham10000_ISIC_0027758.npy,../outputs/pilot/xai_maps/lime/ham10000_ISIC_0027758.npy,0.0247944425791502,nv,benign,../outputs/pilot/pseudo_concepts/npz/ham10000/ISIC_0027758.npz,../outputs/pilot/pseudo_concepts/png_preview/ham10000/ISIC_0027758.png,7022,0.1050982624292373,0.0366655439138412,0.0366655439138412,0.0612773410975933,0.0828510895371437,0.0701445639133453,0.3113976716995239
ISIC_0029467,True,True,450,600,270000,1.3333333333333333,450,600,0.1380296296296296,37268,normal,True,False,False,False,False,False,0,nv,0.0,benign,37268,0.1380296296296296,217.8327141482428,284.25898894493935,270.86280455082107,178,161,395,397,218,237,ham10000,ham10000_ISIC_0029467,../data/ham10000/images/ISIC_0029467.jpg,../outputs/pilot/xai_maps/gradcam/ham10000_ISIC_0029467.npy,../outputs/pilot/xai_maps/shap/ham10000_ISIC_0029467.npy,../outputs/pilot/xai_maps/lime/ham10000_ISIC_0029467.npy,0.0230539198964834,nv,benign,../outputs/pilot/pseudo_concepts/npz/ham10000/ISIC_0029467.npz,../outputs/pilot/pseudo_concepts/png_preview/ham10000/ISIC_0029467.png,6915,0.1143890097737312,0.0291694421321153,0.0291694421321153,0.0466447249054908,0.065898597240448,0.056476954370737,0.3763030469417572
ISIC_0025216,True,True,450,600,270000,1.3333333333333333,450,600,0.3193925925925926,86236,normal,True,False,False,False,False,False,0,nv,0.0,benign,86236,0.3193925925925926,331.35945041568,304.8608817663157,203.55239111276032,138,25,469,401,332,377,ham10000,ham10000_ISIC_0025216,../data/ham10000/images/ISIC_0025216.jpg,../outputs/pilot/xai_maps/gradcam/ham10000_ISIC_0025216.npy,../outputs/pilot/xai_maps/shap/ham10000_ISIC_0025216.npy,../outputs/pilot/xai_maps/lime/ham10000_ISIC_0025216.npy,3.535352152539417e-05,nv,benign,../outputs/pilot/pseudo_concepts/npz/ham10000/ISIC_0025216.npz,../outputs/pilot/pseudo_concepts/png_preview/ham10000/ISIC_0025216.png,16039,0.0821746960282325,0.0158708728849887,0.0158708728849887,0.0199008621275424,0.0271519254893064,0.0232026167213916,0.2642146944999695
ISIC_0033225,True,True,450,600,270000,1.3333333333333333,450,600,0.2238740740740741,60446,normal,True,False,False,False,False,False,0,nv,0.0,benign,60446,0.2238740740740741,277.4206869017912,287.13132382622507,234.89514608079932,139,97,437,377,299,281,ham10000,ham10000_ISIC_0033225,../data/ham10000/images/ISIC_0033225.jpg,../outputs/pilot/xai_maps/gradcam/ham10000_ISIC_0033225.npy,../outputs/pilot/xai_maps/shap/ham10000_ISIC_0033225.npy,../outputs/pilot/xai_maps/lime/ham10000_ISIC_0033225.npy,0.9910345673561096,nv,benign,../outputs/pilot/pseudo_concepts/npz/ham10000/ISIC_0033225.npz,../outputs/pilot/pseudo_concepts/png_preview/ham10000/ISIC_0033225.png,11226,0.1316586434841156,0.0260429661720991,0.0260429661720991,0.0363755002617836,0.0470778904855251,0.0400846414268016,0.3007713258266449
ISIC_0033468,True,True,450,600,270000,1.3333333333333333,450,600,0.4072111111111111,109947,normal,True,False,False,False,False,False,0,bcc,0.0,benign,109947,0.4072111111111111,374.1508629216254,278.6909510946183,221.4968393862497,123,4,437,440,315,437,ham10000,ham10000_ISIC_0033468,../data/ham10000/images/ISIC_0033468.jpg,../outputs/pilot/xai_maps/gradcam/ham10000_ISIC_0033468.npy,../outputs/pilot/xai_maps/shap/ham10000_ISIC_0033468.npy,../outputs/pilot/xai_maps/lime/ham10000_ISIC_0033468.npy,0.999464213848114,bcc,benign,../outputs/pilot/pseudo_concepts/npz/ham10000/ISIC_0033468.npz,../outputs/pilot/pseudo_concepts/png_preview/ham10000/ISIC_0033468.png,20471,0.0804552808403968,0.0175069849938154,0.0175069849938154,0.0215425193309783,0.0376969873905181,0.0316804349422454,0.3693422973155975
ISIC_0027585,True,True,450,600,270000,1.3333333333333333,450,600,0.1177555555555555,31794,normal,True,False,False,False,False,False,0,nv,0.0,benign,31794,0.1177555555555555,201.19984613639684,215.93700069195447,172.86830848587783,136,60,310,301,175,242,ham10000,ham10000_ISIC_0027585,../data/ham10000/images/ISIC_0027585.jpg,../outputs/pilot/xai_maps/gradcam/ham10000_ISIC_0027585.npy,../outputs/pilot/xai_maps/shap/ham10000_ISIC_0027585.npy,../outputs/pilot/xai_maps/lime/ham10000_ISIC_0027585.npy,0.0016402165638282,nv,benign,../outputs/pilot/pseudo_concepts/npz/ham10000/ISIC_0027585.npz,../outputs/pilot/pseudo_concepts/png_preview/ham10000/ISIC_0027585.png,5905,0.1884843409061432,0.0525161176919937,0.0525161176919937,0.0818845406174659,0.0955298319458961,0.0807206556200981,0.3163556456565857
ISIC_0031833,True,True,450,600,270000,1.3333333333333333,450,600,0.284374074074074,76781,normal,True,False,False,False,False,False,0,nv,0.0,benign,76781,0.284374074074074,312.6669241929989,204.1314127192925,238.0592073559865,8,100,395,376,388,277,ham10000,ham10000_ISIC_0031833,../data/ham10000/images/ISIC_0031833.jpg,../outputs/pilot/xai_maps/gradcam/ham10000_ISIC_0031833.npy,../outputs/pilot/xai_maps/shap/ham10000_ISIC_0031833.npy,../outputs/pilot/xai_maps/lime/ham10000_ISIC_0031833.npy,8.715473813936114e-05,nv,benign,../outputs/pilot/pseudo_concepts/npz/ham10000/ISIC_0031833.npz,../outputs/pilot/pseudo_concepts/png_preview/ham10000/ISIC_0031833.png,14268,0.0597140453755855,0.0243714172393083,0.0243714172393083,0.024711200967431,0.0345415994524955,0.0289635993540287,0.3911945223808288
ISIC_0029007,True,True,450,600,270000,1.3333333333333333,450,600,0.1236037037037037,33373,normal,True,False,False,False,False,False,0,nv,0.0,benign,33373,0.1236037037037037,206.13544898063165,249.84957900098885,213.0944176430048,156,96,339,324,184,229,ham10000,ham10000_ISIC_0029007,../data/ham10000/images/ISIC_0029007.jpg,../outputs/pilot/xai_maps/gradcam/ham10000_ISIC_0029007.npy,../outputs/pilot/xai_maps/shap/ham10000_ISIC_0029007.npy,../outputs/pilot/xai_maps/lime/ham10000_ISIC_0029007.npy,0.000349684007233,nv,benign,../outputs/pilot/pseudo_concepts/npz/ham10000/ISIC_0029007.npz,../outputs/pilot/pseudo_concepts/png_preview/ham10000/ISIC_0029007.png,6203,0.067709170281887,0.0374901592731475,0.0374901592731475,0.0562667995691299,0.0818141400814056,0.0689082369208335,0.3147715032100677
ISIC_0030549,True,True,450,600,270000,1.3333333333333333,450,600,0.118774074074074,32069,normal,True,False,False,False,False,False,0,akiec,0.0,benign,32069,0.118774074074074,202.0681047570644,313.4038167700895,218.29395989896784,203,116,423,314,221,199,ham10000,ham10000_ISIC_0030549,../data/ham10000/images/ISIC_0030549.jpg,../outputs/pilot/xai_maps/gradcam/ham10000_ISIC_0030549.npy,../outputs/pilot/xai_maps/shap/ham10000_ISIC_0030549.npy,../outputs/pilot/xai_maps/lime/ham10000_ISIC_0030549.npy,0.0835960730910301,akiec,benign,../outputs/pilot/pseudo_concepts/npz/ham10000/ISIC_0030549.npz,../outputs/pilot/pseudo_concepts/png_preview/ham10000/ISIC_0030549.png,5944,0.045928668230772,0.0374427884817123,0.0374427884817123,0.0792612805962562,0.0962904766201973,0.0817446634173393,0.2499783188104629
ISIC_0033128,True,True,450,600,270000,1.3333333333333333,450,600,0.1864185185185185,50333,normal,True,False,False,False,False,False,0,nv,0.0,benign,50333,0.1864185185185185,253.15206103280087,281.02936443287706,196.5317982238293,154,75,417,328,264,254,ham10000,ham10000_ISIC_0033128,../data/ham10000/images/ISIC_0033128.jpg,../outputs/pilot/xai_maps/gradcam/ham10000_ISIC_0033128.npy,../outputs/pilot/xai_maps/shap/ham10000_ISIC_0033128.npy,../outputs/pilot/xai_maps/lime/ham10000_ISIC_0033128.npy,0.1485711932182312,nv,benign,../outputs/pilot/pseudo_concepts/npz/ham10000/ISIC_0033128.npz,../outputs/pilot/pseudo_concepts/png_preview/ham10000/ISIC_0033128.png,9353,0.1057414710521698,0.0337595492601394,0.0337595492601394,0.0523981899023056,0.0712585672736167,0.0606683976948261,0.3490044474601745
ISIC_0026912,True,True,450,600,270000,1.3333333333333333,450,600,0.509862962962963,137663,normal,True,True,False,False,False,True,1,bkl,0.0,benign,137663,0.509862962962963,418.6621256417599,294.90642365777296,199.01511662538223,56,0,509,447,454,448,ham10000,ham10000_ISIC_0026912,../data/ham10000/images/ISIC_0026912.jpg,../outputs/pilot/xai_maps/gradcam/ham10000_ISIC_0026912.npy,../outputs/pilot/xai_maps/shap/ham10000_ISIC_0026912.npy,../outputs/pilot/xai_maps/lime/ham10000_ISIC_0026912.npy,0.8902446627616882,bkl,benign,../outputs/pilot/pseudo_concepts/npz/ham10000/ISIC_0026912.npz,../outputs/pilot/pseudo_concepts/png_preview/ham10000/ISIC_0026912.png,25592,0.1554391980171203,0.0164908543229103,0.0164908543229103,0.0230431128293275,0.0126820132136344,0.0107413185760378,0.3344941139221191
ISIC_0024615,True,True,450,600,270000,1.3333333333333333,450,600,0.0226259259259259,6109,small,True,False,False,False,False,False,0,nv,0.0,benign,6109,0.0226259259259259,88.19421964498076,284.44573579963986,223.50384678343428,235,177,333,268,99,92,ham10000,ham10000_ISIC_0024615,../data/ham10000/images/ISIC_0024615.jpg,../outputs/pilot/xai_maps/gradcam/ham10000_ISIC_0024615.npy,../outputs/pilot/xai_maps/shap/ham10000_ISIC_0024615.npy,../outputs/pilot/xai_maps/lime/ham10000_ISIC_0024615.npy,0.0829291343688964,nv,benign,../outputs/pilot/pseudo_concepts/npz/ham10000/ISIC_0024615.npz,../outputs/pilot/pseudo_concepts/png_preview/ham10000/ISIC_0024615.png,1117,0.143240824341774,0.106675885617733,0.106675885617733,0.1919545382261276,0.3057568967342376,0.2733952105045318,0.3900332748889923
ISIC_0030700,True,True,450,600,270000,1.3333333333333333,450,600,0.487037037037037,131500,normal,True,False,False,False,False,False,0,bkl,0.0,benign,131500,0.487037037037037,409.1833331560242,259.0314752851711,227.4641596958175,16,54,554,389,539,336,ham10000,ham10000_ISIC_0030700,../data/ham10000/images/ISIC_0030700.jpg,../outputs/pilot/xai_maps/gradcam/ham10000_ISIC_0030700.npy,../outputs/pilot/xai_maps/shap/ham10000_ISIC_0030700.npy,../outputs/pilot/xai_maps/lime/ham10000_ISIC_0030700.npy,0.2662041187286377,bkl,benign,../outputs/pilot/pseudo_concepts/npz/ham10000/ISIC_0030700.npz,../outputs/pilot/pseudo_concepts/png_preview/ham10000/ISIC_0030700.png,24449,0.1896601021289825,0.0122494390234351,0.0122494390234351,0.0218593087047338,0.0297423377633094,0.0248635094612836,0.238206997513771
ISIC_0026578,True,True,450,600,270000,1.3333333333333333,450,600,0.2062,55674,normal,True,False,False,False,False,False,0,nv,0.0,benign,55674,0.2062,266.24488429561507,327.6131587455545,235.2577145525739,126,130,518,345,393,216,ham10000,ham10000_ISIC_0026578,../data/ham10000/images/ISIC_0026578.jpg,../outputs/pilot/xai_maps/gradcam/ham10000_ISIC_0026578.npy,../outputs/pilot/xai_maps/shap/ham10000_ISIC_0026578.npy,../outputs/pilot/xai_maps/lime/ham10000_ISIC_0026578.npy,0.0017519303364679,nv,benign,../outputs/pilot/pseudo_concepts/npz/ham10000/ISIC_0026578.npz,../outputs/pilot/pseudo_concepts/png_preview/ham10000/ISIC_0026578.png,10329,0.1836576610803604,0.0311835817992687,0.0311835817992687,0.0387470610439777,0.055790115147829,0.0470103286206722,0.3768006265163421
ISIC_0033088,True,True,450,600,270000,1.3333333333333333,450,600,0.53,143100,normal,True,False,False,False,False,False,0,bkl,0.0,benign,143100,0.53,426.84959745981,301.1785534591195,218.02731656184488,32,15,566,424,535,410,ham10000,ham10000_ISIC_0033088,../data/ham10000/images/ISIC_0033088.jpg,../outputs/pilot/xai_maps/gradcam/ham10000_ISIC_0033088.npy,../outputs/pilot/xai_maps/shap/ham10000_ISIC_0033088.npy,../outputs/pilot/xai_maps/lime/ham10000_ISIC_0033088.npy,0.1899328380823135,bkl,benign,../outputs/pilot/pseudo_concepts/npz/ham10000/ISIC_0033088.npz,../outputs/pilot/pseudo_concepts/png_preview/ham10000/ISIC_0033088.png,26617,0.1077882573008537,0.0111383143812417,0.0111383143812417,0.0213020220398902,0.0332449749112129,0.0278384033590555,0.2669786512851715
ISIC_0031843,True,True,450,600,270000,1.3333333333333333,450,600,0.2273851851851852,61394,normal,True,False,False,False,False,False,0,nv,0.0,benign,61394,0.2273851851851852,279.587676068654,281.83995178681954,233.54109522103136,118,103,469,348,352,246,ham10000,ham10000_ISIC_0031843,../data/ham10000/images/ISIC_0031843.jpg,../outputs/pilot/xai_maps/gradcam/ham10000_ISIC_0031843.npy,../outputs/pilot/xai_maps/shap/ham10000_ISIC_0031843.npy,../outputs/pilot/xai_maps/lime/ham10000_ISIC_0031843.npy,9.697983477963136e-05,nv,benign,../outputs/pilot/pseudo_concepts/npz/ham10000/ISIC_0031843.npz,../outputs/pilot/pseudo_concepts/png_preview/ham10000/ISIC_0031843.png,11398,0.1255483478307724,0.0284290723502635,0.0284290723502635,0.0460774786770343,0.0667255744338035,0.0562804229557514,0.329591155052185
ISIC_0030000,True,True,450,600,270000,1.3333333333333333,450,600,0.2067888888888888,55833,normal,True,False,False,False,False,False,0,nv,0.0,benign,55833,0.2067888888888888,266.62479911140736,234.432110042448,196.8177063743664,110,51,347,346,238,296,ham10000,ham10000_ISIC_0030000,../data/ham10000/images/ISIC_0030000.jpg,../outputs/pilot/xai_maps/gradcam/ham10000_ISIC_0030000.npy,../outputs/pilot/xai_maps/shap/ham10000_ISIC_0030000.npy,../outputs/pilot/xai_maps/lime/ham10000_ISIC_0030000.npy,0.0078449994325637,nv,benign,../outputs/pilot/pseudo_concepts/npz/ham10000/ISIC_0030000.npz,../outputs/pilot/pseudo_concepts/png_preview/ham10000/ISIC_0030000.png,10379,0.0885441750288009,0.026064246892929,0.026064246892929,0.0520810596644878,0.068754956126213,0.057976871728897,0.3373038172721863
ISIC_0027932,True,True,450,600,270000,1.3333333333333333,450,600,0.5210444444444444,140682,normal,True,False,False,True,False,True,1,nv,0.0,benign,140682,0.5210444444444444,423.22793578925314,277.7490510513072,226.30554726262065,0,68,550,384,551,317,ham10000,ham10000_ISIC_0027932,../data/ham10000/images/ISIC_0027932.jpg,../outputs/pilot/xai_maps/gradcam/ham10000_ISIC_0027932.npy,../outputs/pilot/xai_maps/shap/ham10000_ISIC_0027932.npy,../outputs/pilot/xai_maps/lime/ham10000_ISIC_0027932.npy,0.450109452009201,nv,benign,../outputs/pilot/pseudo_concepts/npz/ham10000/ISIC_0027932.npz,../outputs/pilot/pseudo_concepts/png_preview/ham10000/ISIC_0027932.png,26164,0.1142027229070663,0.0215619541704654,0.0215619541704654,0.0292906481772661,0.0347786508500576,0.0290382988750934,0.2682578563690185
ISIC_0029437,True,True,450,600,270000,1.3333333333333333,450,600,0.2589333333333333,69912,normal,True,False,True,False,False,True,1,nv,0.0,benign,69912,0.2589333333333333,298.35335267351144,341.5781410916581,297.71365430827325,205,124,482,449,278,326,ham10000,ham10000_ISIC_0029437,../data/ham10000/images/ISIC_0029437.jpg,../outputs/pilot/xai_maps/gradcam/ham10000_ISIC_0029437.npy,../outputs/pilot/xai_maps/shap/ham10000_ISIC_0029437.npy,../outputs/pilot/xai_maps/lime/ham10000_ISIC_0029437.npy,0.0219508912414312,nv,benign,../outputs/pilot/pseudo_concepts/npz/ham10000/ISIC_0029437.npz,../outputs/pilot/pseudo_concepts/png_preview/ham10000/ISIC_0029437.png,13005,0.0923490971326828,0.0237073265016078,0.0237073265016078,0.0374289825558662,0.0528757311403751,0.0441010110080242,0.2781144976615906
ISIC_0030509,True,True,450,600,270000,1.3333333333333333,450,600,0.1635185185185185,44150,normal,True,False,False,False,False,False,0,nv,0.0,benign,44150,0.1635185185185185,237.09391788921417,284.35950169875423,185.2037372593432,121,82,443,292,323,211,ham10000,ham10000_ISIC_0030509,../data/ham10000/images/ISIC_0030509.jpg,../outputs/pilot/xai_maps/gradcam/ham10000_ISIC_0030509.npy,../outputs/pilot/xai_maps/shap/ham10000_ISIC_0030509.npy,../outputs/pilot/xai_maps/lime/ham10000_ISIC_0030509.npy,0.0108958557248115,nv,benign,../outputs/pilot/pseudo_concepts/npz/ham10000/ISIC_0030509.npz,../outputs/pilot/pseudo_concepts/png_preview/ham10000/ISIC_0030509.png,8201,0.0784050747752189,0.0326869711279869,0.0326869711279869,0.0571100264787673,0.0852178558707237,0.0716074258089065,0.368053674697876
ISIC_0024596,True,True,450,600,270000,1.3333333333333333,450,600,0.1950074074074074,52652,normal,True,False,False,False,False,False,0,nv,0.0,benign,52652,0.1950074074074074,258.9181502123708,304.3057813568336,230.6665843652663,167,96,454,371,288,276,ham10000,ham10000_ISIC_0024596,../data/ham10000/images/ISIC_0024596.jpg,../outputs/pilot/xai_maps/gradcam/ham10000_ISIC_0024596.npy,../outputs/pilot/xai_maps/shap/ham10000_ISIC_0024596.npy,../outputs/pilot/xai_maps/lime/ham10000_ISIC_0024596.npy,0.2252523452043533,nv,benign,../outputs/pilot/pseudo_concepts/npz/ham10000/ISIC_0024596.npz,../outputs/pilot/pseudo_concepts/png_preview/ham10000/ISIC_0024596.png,9803,0.1061919853091239,0.0383598580956459,0.0383598580956459,0.0502688474953174,0.0701490268111229,0.0610170140862464,0.4270713031291961
ISIC_0032773,True,True,450,600,270000,1.3333333333333333,450,600,0.4059592592592592,109609,normal,True,False,False,False,False,False,0,bkl,0.0,benign,109609,0.4059592592592592,373.57531136154654,280.85872510469034,221.8887773814194,100,29,476,429,377,401,ham10000,ham10000_ISIC_0032773,../data/ham10000/images/ISIC_0032773.jpg,../outputs/pilot/xai_maps/gradcam/ham10000_ISIC_0032773.npy,../outputs/pilot/xai_maps/shap/ham10000_ISIC_0032773.npy,../outputs/pilot/xai_maps/lime/ham10000_ISIC_0032773.npy,0.2691159844398498,bkl,benign,../outputs/pilot/pseudo_concepts/npz/ham10000/ISIC_0032773.npz,../outputs/pilot/pseudo_concepts/png_preview/ham10000/ISIC_0032773.png,20410,0.1113179847598075,0.0112012149766087,0.0112012149766087,0.0214774664491415,0.0347251035273075,0.0290572494268417,0.2368978857994079
ISIC_0026778,True,True,450,600,270000,1.3333333333333333,450,600,0.2224111111111111,60051,normal,True,False,False,False,False,False,0,nv,0.0,benign,60051,0.2224111111111111,276.51276263653955,219.058250487086,182.35849527901283,66,39,338,378,273,340,ham10000,ham10000_ISIC_0026778,../data/ham10000/images/ISIC_0026778.jpg,../outputs/pilot/xai_maps/gradcam/ham10000_ISIC_0026778.npy,../outputs/pilot/xai_maps/shap/ham10000_ISIC_0026778.npy,../outputs/pilot/xai_maps/lime/ham10000_ISIC_0026778.npy,0.0003992582205682,nv,benign,../outputs/pilot/pseudo_concepts/npz/ham10000/ISIC_0026778.npz,../outputs/pilot/pseudo_concepts/png_preview/ham10000/ISIC_0026778.png,11168,0.2939648926258087,0.0306195206940174,0.0306195206940174,0.0315848626196384,0.0376190729439258,0.0321010611951351,0.2690654993057251
ISIC_0031468,True,True,450,600,270000,1.3333333333333333,450,600,0.0346629629629629,9359,small,True,False,False,False,False,False,0,bkl,0.0,benign,9359,0.0346629629629629,109.16157244734242,284.47002884923603,230.54952452185063,215,174,351,285,137,112,ham10000,ham10000_ISIC_0031468,../data/ham10000/images/ISIC_0031468.jpg,../outputs/pilot/xai_maps/gradcam/ham10000_ISIC_0031468.npy,../outputs/pilot/xai_maps/shap/ham10000_ISIC_0031468.npy,../outputs/pilot/xai_maps/lime/ham10000_ISIC_0031468.npy,0.5451352596282959,bkl,benign,../outputs/pilot/pseudo_concepts/npz/ham10000/ISIC_0031468.npz,../outputs/pilot/pseudo_concepts/png_preview/ham10000/ISIC_0031468.png,1712,0.1653037369251251,0.1000844985246658,0.1000844985246658,0.1359881907701492,0.2043309807777404,0.1852657347917556,0.2343437224626541
ISIC_0013398,True,True,2848,4288,12212224,1.5056179775280898,2848,4288,0.0094519229257504,115429,very_tiny,True,False,False,False,False,False,0,,,,115429,0.0094519229257504,383.3650576268462,2251.0677386098814,1188.7216990530976,2034,975,2474,1405,441,431,isic2018,isic2018_ISIC_0013398,../data/isic2018/images/ISIC_0013398.jpg,../outputs/pilot/xai_maps/gradcam/isic2018_ISIC_0013398.npy,../outputs/pilot/xai_maps/shap/isic2018_ISIC_0013398.npy,../outputs/pilot/xai_maps/lime/isic2018_ISIC_0013398.npy,0.1991660445928573,unknown,unknown,../outputs/pilot/pseudo_concepts/npz/isic2018/ISIC_0013398.npz,../outputs/pilot/pseudo_concepts/png_preview/isic2018/ISIC_0013398.png,470,0.2063829749822616,0.1601646542549133,0.1601646542549133,0.2730399668216705,0.3657213449478149,0.3153961598873138,0.458972692489624
ISIC_0014299,True,True,2848,4288,12212224,1.5056179775280898,2848,4288,0.0093198421516015,113816,very_tiny,True,False,False,False,False,False,0,,,,113816,0.0093198421516015,380.677070525107,2049.2040134954664,1287.703644478808,1845,1098,2223,1477,379,380,isic2018,isic2018_ISIC_0014299,../data/isic2018/images/ISIC_0014299.jpg,../outputs/pilot/xai_maps/gradcam/isic2018_ISIC_0014299.npy,../outputs/pilot/xai_maps/shap/isic2018_ISIC_0014299.npy,../outputs/pilot/xai_maps/lime/isic2018_ISIC_0014299.npy,0.7483610510826111,unknown,unknown,../outputs/pilot/pseudo_concepts/npz/isic2018/ISIC_0014299.npz,../outputs/pilot/pseudo_concepts/png_preview/isic2018/ISIC_0014299.png,467,0.0942184180021286,0.2434951215982437,0.2434951215982437,0.355429083108902,0.3759755790233612,0.3085324168205261,0.4302963614463806
ISIC_0013369,True,True,2848,4288,12212224,1.5056179775280898,2848,4288,0.0075869063652943,92653,very_tiny,True,False,False,False,False,False,0,,,,92653,0.0075869063652943,343.4668303320526,2258.0610557672176,1407.2764832223456,2098,1181,2426,1638,329,458,isic2018,isic2018_ISIC_0013369,../data/isic2018/images/ISIC_0013369.jpg,../outputs/pilot/xai_maps/gradcam/isic2018_ISIC_0013369.npy,../outputs/pilot/xai_maps/shap/isic2018_ISIC_0013369.npy,../outputs/pilot/xai_maps/lime/isic2018_ISIC_0013369.npy,0.0104441549628973,unknown,unknown,../outputs/pilot/pseudo_concepts/npz/isic2018/ISIC_0013369.npz,../outputs/pilot/pseudo_concepts/png_preview/isic2018/ISIC_0013369.png,384,0.1328125,0.1761172264814376,0.1761172264814376,0.2895857095718384,0.0,0.0,0.4174344539642334
ISIC_0014547,True,True,2848,4288,12212224,1.5056179775280898,2848,4288,0.0073365834101962,89596,very_tiny,True,False,False,False,False,False,0,,,,89596,0.0073365834101962,337.75312026699567,1995.840841108978,2235.8653957765973,1844,2052,2157,2405,314,354,isic2018,isic2018_ISIC_0014547,../data/isic2018/images/ISIC_0014547.jpg,../outputs/pilot/xai_maps/gradcam/isic2018_ISIC_0014547.npy,../outputs/pilot/xai_maps/shap/isic2018_ISIC_0014547.npy,../outputs/pilot/xai_maps/lime/isic2018_ISIC_0014547.npy,0.0571036487817764,unknown,unknown,../outputs/pilot/pseudo_concepts/npz/isic2018/ISIC_0014547.npz,../outputs/pilot/pseudo_concepts/png_preview/isic2018/ISIC_0014547.png,371,0.0754716992378234,0.2527154088020324,0.2527154088020324,0.3155056536197662,0.0,0.0,0.3569085896015167
ISIC_0013302,True,True,2848,4288,12212224,1.5056179775280898,2848,4288,0.0085119630953379,103950,very_tiny,True,False,False,False,False,False,0,,,,103950,0.0085119630953379,363.80386291959593,2212.89518999519,1639.851495911496,1985,1440,2404,1834,420,395,isic2018,isic2018_ISIC_0013302,../data/isic2018/images/ISIC_0013302.jpg,../outputs/pilot/xai_maps/gradcam/isic2018_ISIC_0013302.npy,../outputs/pilot/xai_maps/shap/isic2018_ISIC_0013302.npy,../outputs/pilot/xai_maps/lime/isic2018_ISIC_0013302.npy,0.2534473836421966,unknown,unknown,../outputs/pilot/pseudo_concepts/npz/isic2018/ISIC_0013302.npz,../outputs/pilot/pseudo_concepts/png_preview/isic2018/ISIC_0013302.png,434,0.1313364058732986,0.2047387063503265,0.2047387063503265,0.3389148712158203,0.0,0.0,0.2749246954917907
ISIC_0014187,True,True,2848,4288,12212224,1.5056179775280898,2848,4288,0.0081618221218346,99674,very_tiny,True,False,False,False,False,False,0,,,,99674,0.0081618221218346,356.2427239705151,2197.557176395048,1425.7787788189498,2064,1226,2339,1645,276,420,isic2018,isic2018_ISIC_0014187,../data/isic2018/images/ISIC_0014187.jpg,../outputs/pilot/xai_maps/gradcam/isic2018_ISIC_0014187.npy,../outputs/pilot/xai_maps/shap/isic2018_ISIC_0014187.npy,../outputs/pilot/xai_maps/lime/isic2018_ISIC_0014187.npy,0.0889743864536285,unknown,unknown,../outputs/pilot/pseudo_concepts/npz/isic2018/ISIC_0014187.npz,../outputs/pilot/pseudo_concepts/png_preview/isic2018/ISIC_0014187.png,401,0.1122194528579711,0.2102111876010894,0.2102111876010894,0.3042577803134918,0.0,0.0,0.4126255810260772
ISIC_0012945,True,True,2000,3008,6016000,1.504,2000,3008,0.0057945478723404,34860,very_tiny,True,False,False,False,False,False,0,,,,34860,0.0057945478723404,210.67778841033,1484.2097532989098,940.043918531268,1368,825,1579,1057,212,233,isic2018,isic2018_ISIC_0012945,../data/isic2018/images/ISIC_0012945.jpg,../outputs/pilot/xai_maps/gradcam/isic2018_ISIC_0012945.npy,../outputs/pilot/xai_maps/shap/isic2018_ISIC_0012945.npy,../outputs/pilot/xai_maps/lime/isic2018_ISIC_0012945.npy,0.3530031740665436,unknown,unknown,../outputs/pilot/pseudo_concepts/npz/isic2018/ISIC_0012945.npz,../outputs/pilot/pseudo_concepts/png_preview/isic2018/ISIC_0012945.png,285,0.1403508782386779,0.2828165590763092,0.2828165590763092,0.0,0.0,0.0,0.2700631320476532
ISIC_0013196,True,True,2000,3008,6016000,1.504,2000,3008,0.0029767287234042,17908,very_tiny,True,False,False,False,False,False,0,,,,17908,0.0029767287234042,151.00057538670936,1497.384409202591,965.1979562206836,1427,882,1565,1049,139,168,isic2018,isic2018_ISIC_0013196,../data/isic2018/images/ISIC_0013196.jpg,../outputs/pilot/xai_maps/gradcam/isic2018_ISIC_0013196.npy,../outputs/pilot/xai_maps/shap/isic2018_ISIC_0013196.npy,../outputs/pilot/xai_maps/lime/isic2018_ISIC_0013196.npy,0.0482593141496181,unknown,unknown,../outputs/pilot/pseudo_concepts/npz/isic2018/ISIC_0013196.npz,../outputs/pilot/pseudo_concepts/png_preview/isic2018/ISIC_0013196.png,150,0.0933333337306976,0.3788126707077026,0.3788126707077026,0.0,0.0,0.0,0.4449739158153534
ISIC_0012481,True,True,2848,4288,12212224,1.5056179775280898,2848,4288,0.0076636327666443,93590,very_tiny,True,False,False,False,False,False,0,,,,93590,0.0076636327666443,345.199201899083,2163.9831499091783,1590.374238700716,1998,1391,2331,1786,334,396,isic2018,isic2018_ISIC_0012481,../data/isic2018/images/ISIC_0012481.jpg,../outputs/pilot/xai_maps/gradcam/isic2018_ISIC_0012481.npy,../outputs/pilot/xai_maps/shap/isic2018_ISIC_0012481.npy,../outputs/pilot/xai_maps/lime/isic2018_ISIC_0012481.npy,0.2770594656467438,unknown,unknown,../outputs/pilot/pseudo_concepts/npz/isic2018/ISIC_0012481.npz,../outputs/pilot/pseudo_concepts/png_preview/isic2018/ISIC_0012481.png,381,0.0656168013811111,0.2332930415868759,0.2332930415868759,0.344156414270401,0.0,0.0,0.3493458032608032
ISIC_0013355,True,True,2848,4288,12212224,1.5056179775280898,2848,4288,0.0042728498920425,52181,very_tiny,True,False,False,False,False,False,0,,,,52181,0.0042728498920425,257.7574687255939,1902.1562637741704,1608.287710086047,1742,1491,2043,1713,302,223,isic2018,isic2018_ISIC_0013355,../data/isic2018/images/ISIC_0013355.jpg,../outputs/pilot/xai_maps/gradcam/isic2018_ISIC_0013355.npy,../outputs/pilot/xai_maps/shap/isic2018_ISIC_0013355.npy,../outputs/pilot/xai_maps/lime/isic2018_ISIC_0013355.npy,0.5792760252952576,unknown,unknown,../outputs/pilot/pseudo_concepts/npz/isic2018/ISIC_0013355.npz,../outputs/pilot/pseudo_concepts/png_preview/isic2018/ISIC_0013355.png,216,0.125,0.4337925016880035,0.4337925016880035,0.0,0.0,0.0,0.3782346546649933
ISIC_0013201,True,True,2000,3008,6016000,1.504,2000,3008,0.019690159574468,118456,tiny,True,False,False,False,False,False,0,,,,118456,0.019690159574468,388.3591939315309,1558.156108597285,901.091688052948,1389,688,1737,1117,349,430,isic2018,isic2018_ISIC_0013201,../data/isic2018/images/ISIC_0013201.jpg,../outputs/pilot/xai_maps/gradcam/isic2018_ISIC_0013201.npy,../outputs/pilot/xai_maps/shap/isic2018_ISIC_0013201.npy,../outputs/pilot/xai_maps/lime/isic2018_ISIC_0013201.npy,0.2374080419540405,unknown,unknown,../outputs/pilot/pseudo_concepts/npz/isic2018/ISIC_0013201.npz,../outputs/pilot/pseudo_concepts/png_preview/isic2018/ISIC_0013201.png,980,0.0561224482953548,0.1222331300377845,0.1222331300377845,0.2295999974012375,0.2715299725532532,0.2247603088617324,0.3250969648361206
ISIC_0012316,True,True,2000,3008,6016000,1.504,2000,3008,0.018127659574468,109056,tiny,True,False,False,False,False,False,0,,,,109056,0.018127659574468,372.6317374978115,1492.765047315141,1016.1224691901408,1317,813,1668,1234,352,422,isic2018,isic2018_ISIC_0012316,../data/isic2018/images/ISIC_0012316.jpg,../outputs/pilot/xai_maps/gradcam/isic2018_ISIC_0012316.npy,../outputs/pilot/xai_maps/shap/isic2018_ISIC_0012316.npy,../outputs/pilot/xai_maps/lime/isic2018_ISIC_0012316.npy,0.853135347366333,unknown,unknown,../outputs/pilot/pseudo_concepts/npz/isic2018/ISIC_0012316.npz,../outputs/pilot/pseudo_concepts/png_preview/isic2018/ISIC_0012316.png,909,0.081408143043518,0.1158308684825897,0.1158308684825897,0.185194194316864,0.2398914247751236,0.2106923907995224,0.3437530994415283
ISIC_0014090,True,True,2848,4288,12212224,1.5056179775280898,2848,4288,0.0113547704332969,138667,tiny,True,False,False,False,False,False,0,,,,138667,0.0113547704332969,420.1860396893152,2226.066886858445,1345.0681056055157,1962,1143,2479,1576,518,434,isic2018,isic2018_ISIC_0014090,../data/isic2018/images/ISIC_0014090.jpg,../outputs/pilot/xai_maps/gradcam/isic2018_ISIC_0014090.npy,../outputs/pilot/xai_maps/shap/isic2018_ISIC_0014090.npy,../outputs/pilot/xai_maps/lime/isic2018_ISIC_0014090.npy,0.0976845622062683,unknown,unknown,../outputs/pilot/pseudo_concepts/npz/isic2018/ISIC_0014090.npz,../outputs/pilot/pseudo_concepts/png_preview/isic2018/ISIC_0014090.png,569,0.1511423587799072,0.113124132156372,0.113124132156372,0.1917345225811004,0.2777316272258758,0.2426574975252151,0.2742445468902588
ISIC_0013340,True,True,2848,4288,12212224,1.5056179775280898,2848,4288,0.0163658969897702,199864,tiny,True,False,False,False,False,False,0,,,,199864,0.0163658969897702,504.4549022152016,2004.9488852419645,1744.2095775127086,1652,1502,2370,2035,719,534,isic2018,isic2018_ISIC_0013340,../data/isic2018/images/ISIC_0013340.jpg,../outputs/pilot/xai_maps/gradcam/isic2018_ISIC_0013340.npy,../outputs/pilot/xai_maps/shap/isic2018_ISIC_0013340.npy,../outputs/pilot/xai_maps/lime/isic2018_ISIC_0013340.npy,0.2154516875743866,unknown,unknown,../outputs/pilot/pseudo_concepts/npz/isic2018/ISIC_0013340.npz,../outputs/pilot/pseudo_concepts/png_preview/isic2018/ISIC_0013340.png,820,0.2378048747777938,0.1265272498130798,0.1265272498130798,0.2103780061006546,0.3264342844486236,0.2983215749263763,0.357731819152832
ISIC_0013275,True,True,2848,4288,12212224,1.5056179775280898,2848,4288,0.0160135451167616,195561,tiny,True,False,False,False,False,False,0,,,,195561,0.0160135451167616,498.9949885599585,2232.465731919964,1393.2481374098109,1977,1158,2479,1624,503,467,isic2018,isic2018_ISIC_0013275,../data/isic2018/images/ISIC_0013275.jpg,../outputs/pilot/xai_maps/gradcam/isic2018_ISIC_0013275.npy,../outputs/pilot/xai_maps/shap/isic2018_ISIC_0013275.npy,../outputs/pilot/xai_maps/lime/isic2018_ISIC_0013275.npy,0.1394692361354828,unknown,unknown,../outputs/pilot/pseudo_concepts/npz/isic2018/ISIC_0013275.npz,../outputs/pilot/pseudo_concepts/png_preview/isic2018/ISIC_0013275.png,817,0.0648714825510978,0.1608796715736389,0.1608796715736389,0.3199940323829651,0.3723522424697876,0.3130121827125549,0.3054232895374298
ISIC_0012677,True,True,2000,3008,6016000,1.504,2000,3008,0.0103191489361702,62080,tiny,True,False,False,False,False,False,0,,,,62080,0.0103191489361702,281.1453555319008,1477.0115012886597,974.2495972938144,1317,844,1621,1109,305,266,isic2018,isic2018_ISIC_0012677,../data/isic2018/images/ISIC_0012677.jpg,../outputs/pilot/xai_maps/gradcam/isic2018_ISIC_0012677.npy,../outputs/pilot/xai_maps/shap/isic2018_ISIC_0012677.npy,../outputs/pilot/xai_maps/lime/isic2018_ISIC_0012677.npy,0.2849377393722534,unknown,unknown,../outputs/pilot/pseudo_concepts/npz/isic2018/ISIC_0012677.npz,../outputs/pilot/pseudo_concepts/png_preview/isic2018/ISIC_0012677.png,519,0.1001926809549331,0.247853398323059,0.247853398323059,0.3760753273963928,0.465469479560852,0.3886535167694092,0.3050295412540436
ISIC_0013065,True,True,2592,3872,10036224,1.4938271604938271,2592,3872,0.0141854147535965,142368,tiny,True,False,False,False,False,False,0,,,,142368,0.0141854147535965,425.7564650182727,1750.0081970667566,1454.8823682288155,1459,1266,2028,1680,570,415,isic2018,isic2018_ISIC_0013065,../data/isic2018/images/ISIC_0013065.jpg,../outputs/pilot/xai_maps/gradcam/isic2018_ISIC_0013065.npy,../outputs/pilot/xai_maps/shap/isic2018_ISIC_0013065.npy,../outputs/pilot/xai_maps/lime/isic2018_ISIC_0013065.npy,0.3872322738170624,unknown,unknown,../outputs/pilot/pseudo_concepts/npz/isic2018/ISIC_0013065.npz,../outputs/pilot/pseudo_concepts/png_preview/isic2018/ISIC_0013065.png,714,0.1456582695245742,0.1673235744237899,0.1673235744237899,0.2649392187595367,0.3586329519748688,0.2999733984470367,0.3223715722560882
ISIC_0016038,True,True,2000,3008,6016000,1.504,2000,3008,0.017797539893617,107070,tiny,True,False,False,False,False,False,0,,,,107070,0.017797539893617,369.22318190329526,1574.6105258242271,949.5943214719342,1350,770,1802,1108,453,339,isic2018,isic2018_ISIC_0016038,../data/isic2018/images/ISIC_0016038.jpg,../outputs/pilot/xai_maps/gradcam/isic2018_ISIC_0016038.npy,../outputs/pilot/xai_maps/shap/isic2018_ISIC_0016038.npy,../outputs/pilot/xai_maps/lime/isic2018_ISIC_0016038.npy,0.1817467212677002,unknown,unknown,../outputs/pilot/pseudo_concepts/npz/isic2018/ISIC_0016038.npz,../outputs/pilot/pseudo_concepts/png_preview/isic2018/ISIC_0016038.png,902,0.1374722868204116,0.1244998350739479,0.1244998350739479,0.2612840533256531,0.3342256844043731,0.2879869043827057,0.4375063180923462
ISIC_0013126,True,True,2592,3872,10036224,1.4938271604938271,2592,3872,0.0181788489376084,182447,tiny,True,False,False,False,False,False,0,,,,182447,0.0181788489376084,481.9737910076608,2023.804376065378,1144.041305146152,1755,932,2298,1377,544,446,isic2018,isic2018_ISIC_0013126,../data/isic2018/images/ISIC_0013126.jpg,../outputs/pilot/xai_maps/gradcam/isic2018_ISIC_0013126.npy,../outputs/pilot/xai_maps/shap/isic2018_ISIC_0013126.npy,../outputs/pilot/xai_maps/lime/isic2018_ISIC_0013126.npy,0.0559566840529441,unknown,unknown,../outputs/pilot/pseudo_concepts/npz/isic2018/ISIC_0013126.npz,../outputs/pilot/pseudo_concepts/png_preview/isic2018/ISIC_0013126.png,906,0.0739514380693435,0.1543750315904617,0.1543750315904617,0.2548790872097015,0.3119998574256897,0.2590428292751312,0.3217992186546325
ISIC_0013480,True,True,2592,3872,10036224,1.4938271604938271,2592,3872,0.0185435279244464,186107,tiny,True,False,False,False,False,False,0,,,,186107,0.0185435279244464,486.7841328063466,1633.745726920535,1223.3938379534354,1362,993,1905,1437,544,445,isic2018,isic2018_ISIC_0013480,../data/isic2018/images/ISIC_0013480.jpg,../outputs/pilot/xai_maps/gradcam/isic2018_ISIC_0013480.npy,../outputs/pilot/xai_maps/shap/isic2018_ISIC_0013480.npy,../outputs/pilot/xai_maps/lime/isic2018_ISIC_0013480.npy,0.150228202342987,unknown,unknown,../outputs/pilot/pseudo_concepts/npz/isic2018/ISIC_0013480.npz,../outputs/pilot/pseudo_concepts/png_preview/isic2018/ISIC_0013480.png,926,0.0539956800639629,0.1555196940898895,0.1555196940898895,0.2642885744571686,0.3611294627189636,0.304324597120285,0.4341370761394501
ISIC_0016051,True,True,2848,4288,12212224,1.5056179775280898,2848,4288,0.0286602178276454,350005,small,True,False,False,False,False,False,0,,,,350005,0.0286602178276454,667.5628860676952,1909.0723103955656,1432.686030199569,1541,1118,2282,1736,742,619,isic2018,isic2018_ISIC_0016051,../data/isic2018/images/ISIC_0016051.jpg,../outputs/pilot/xai_maps/gradcam/isic2018_ISIC_0016051.npy,../outputs/pilot/xai_maps/shap/isic2018_ISIC_0016051.npy,../outputs/pilot/xai_maps/lime/isic2018_ISIC_0016051.npy,0.6143485903739929,unknown,unknown,../outputs/pilot/pseudo_concepts/npz/isic2018/ISIC_0016051.npz,../outputs/pilot/pseudo_concepts/png_preview/isic2018/ISIC_0016051.png,1438,0.061196107417345,0.1337680220603943,0.1337680220603943,0.2423349916934967,0.2701623141765594,0.2326122671365738,0.3727422058582306
ISIC_0010256,True,True,768,1024,786432,1.3333333333333333,768,1024,0.0323193868001302,25417,small,True,False,False,False,False,False,0,,,,25417,0.0323193868001302,179.89421755168684,519.1894007947436,400.3332415312586,434,306,617,498,184,193,isic2018,isic2018_ISIC_0010256,../data/isic2018/images/ISIC_0010256.jpg,../outputs/pilot/xai_maps/gradcam/isic2018_ISIC_0010256.npy,../outputs/pilot/xai_maps/shap/isic2018_ISIC_0010256.npy,../outputs/pilot/xai_maps/lime/isic2018_ISIC_0010256.npy,0.2336778342723846,unknown,unknown,../outputs/pilot/pseudo_concepts/npz/isic2018/ISIC_0010256.npz,../outputs/pilot/pseudo_concepts/png_preview/isic2018/ISIC_0010256.png,1617,0.0940012335777282,0.0887885689735412,0.0887885689735412,0.1399140954017639,0.2216085344552993,0.1918569803237915,0.3747397661209106
ISIC_0012810,True,True,2592,3872,10036224,1.4938271604938271,2592,3872,0.0241103626224364,241977,small,True,False,False,False,False,False,0,,,,241977,0.0241103626224364,555.0627760140113,1888.9560578071469,1515.4032490691263,1562,1230,2182,1892,621,663,isic2018,isic2018_ISIC_0012810,../data/isic2018/images/ISIC_0012810.jpg,../outputs/pilot/xai_maps/gradcam/isic2018_ISIC_0012810.npy,../outputs/pilot/xai_maps/shap/isic2018_ISIC_0012810.npy,../outputs/pilot/xai_maps/lime/isic2018_ISIC_0012810.npy,1.4570339772035368e-05,unknown,unknown,../outputs/pilot/pseudo_concepts/npz/isic2018/ISIC_0012810.npz,../outputs/pilot/pseudo_concepts/png_preview/isic2018/ISIC_0012810.png,1213,0.2497939020395279,0.0982247442007064,0.0982247442007064,0.0959377586841583,0.1475358456373214,0.1350127756595611,0.2970946729183197
ISIC_0003559,True,True,2848,4288,12212224,1.5056179775280898,2848,4288,0.047890785494927,584853,small,True,False,False,False,False,False,0,,,,584853,0.047890785494927,862.9356682030209,2117.762171007073,1758.462759018078,1636,1324,2612,2211,977,888,isic2018,isic2018_ISIC_0003559,../data/isic2018/images/ISIC_0003559.jpg,../outputs/pilot/xai_maps/gradcam/isic2018_ISIC_0003559.npy,../outputs/pilot/xai_maps/shap/isic2018_ISIC_0003559.npy,../outputs/pilot/xai_maps/lime/isic2018_ISIC_0003559.npy,0.1456173062324524,unknown,unknown,../outputs/pilot/pseudo_concepts/npz/isic2018/ISIC_0003559.npz,../outputs/pilot/pseudo_concepts/png_preview/isic2018/ISIC_0003559.png,2399,0.0821175500750541,0.0655104592442512,0.0655104592442512,0.1269838213920593,0.1667464971542358,0.1419807970523834,0.3210552632808685
ISIC_0014600,True,True,1936,2592,5018112,1.3388429752066116,1936,2592,0.0457935175619834,229797,small,True,False,False,False,False,False,0,,,,229797,0.0457935175619834,540.9127726921469,1207.6798217557234,930.7171068377742,883,612,1587,1210,705,599,isic2018,isic2018_ISIC_0014600,../data/isic2018/images/ISIC_0014600.jpg,../outputs/pilot/xai_maps/gradcam/isic2018_ISIC_0014600.npy,../outputs/pilot/xai_maps/shap/isic2018_ISIC_0014600.npy,../outputs/pilot/xai_maps/lime/isic2018_ISIC_0014600.npy,0.3589061796665191,unknown,unknown,../outputs/pilot/pseudo_concepts/npz/isic2018/ISIC_0014600.npz,../outputs/pilot/pseudo_concepts/png_preview/isic2018/ISIC_0014600.png,2305,0.2112798243761062,0.042055856436491,0.042055856436491,0.0934349596500396,0.1199189871549606,0.1062528267502784,0.3163234293460846
ISIC_0013559,True,True,2000,3008,6016000,1.504,2000,3008,0.047501329787234,285768,small,True,False,False,False,False,False,0,,,,285768,0.047501329787234,603.2007279669663,1458.1223439993282,989.1458070882674,1176,625,1739,1343,564,719,isic2018,isic2018_ISIC_0013559,../data/isic2018/images/ISIC_0013559.jpg,../outputs/pilot/xai_maps/gradcam/isic2018_ISIC_0013559.npy,../outputs/pilot/xai_maps/shap/isic2018_ISIC_0013559.npy,../outputs/pilot/xai_maps/lime/isic2018_ISIC_0013559.npy,0.0284937173128128,unknown,unknown,../outputs/pilot/pseudo_concepts/npz/isic2018/ISIC_0013559.npz,../outputs/pilot/pseudo_concepts/png_preview/isic2018/ISIC_0013559.png,2391,0.0957758277654647,0.0654077306389808,0.0654077306389808,0.0896541029214859,0.1283594220876693,0.1109724789857864,0.3659296631813049
ISIC_0012550,True,True,2848,4288,12212224,1.5056179775280898,2848,4288,0.0428589419912376,523403,small,True,False,False,False,False,False,0,,,,523403,0.0428589419912376,816.3439210486096,1960.0562816797,1598.5937375215656,1508,1158,2412,2047,905,890,isic2018,isic2018_ISIC_0012550,../data/isic2018/images/ISIC_0012550.jpg,../outputs/pilot/xai_maps/gradcam/isic2018_ISIC_0012550.npy,../outputs/pilot/xai_maps/shap/isic2018_ISIC_0012550.npy,../outputs/pilot/xai_maps/lime/isic2018_ISIC_0012550.npy,0.4400095641613006,unknown,unknown,../outputs/pilot/pseudo_concepts/npz/isic2018/ISIC_0012550.npz,../outputs/pilot/pseudo_concepts/png_preview/isic2018/ISIC_0012550.png,2145,0.1118881106376648,0.1085420772433281,0.1085420772433281,0.1661910712718963,0.2210414111614227,0.1904646903276443,0.3361934721469879
ISIC_0012529,True,True,2848,4288,12212224,1.5056179775280898,2848,4288,0.0227947014401308,278374,small,True,False,False,False,False,False,0,,,,278374,0.0227947014401308,595.3459372718572,2246.83973359581,1416.9098299410146,1977,1091,2512,1757,536,667,isic2018,isic2018_ISIC_0012529,../data/isic2018/images/ISIC_0012529.jpg,../outputs/pilot/xai_maps/gradcam/isic2018_ISIC_0012529.npy,../outputs/pilot/xai_maps/shap/isic2018_ISIC_0012529.npy,../outputs/pilot/xai_maps/lime/isic2018_ISIC_0012529.npy,0.0791200622916221,unknown,unknown,../outputs/pilot/pseudo_concepts/npz/isic2018/ISIC_0012529.npz,../outputs/pilot/pseudo_concepts/png_preview/isic2018/ISIC_0012529.png,1140,0.084210529923439,0.1110441610217094,0.1110441610217094,0.199311152100563,0.2621314823627472,0.2252111881971359,0.3680741488933563
ISIC_0012685,True,True,2000,3008,6016000,1.504,2000,3008,0.0412109375,247925,small,True,False,False,False,False,False,0,,,,247925,0.0412109375,561.8433181310118,1524.0083412322274,958.838124432792,1246,688,1833,1234,588,547,isic2018,isic2018_ISIC_0012685,../data/isic2018/images/ISIC_0012685.jpg,../outputs/pilot/xai_maps/gradcam/isic2018_ISIC_0012685.npy,../outputs/pilot/xai_maps/shap/isic2018_ISIC_0012685.npy,../outputs/pilot/xai_maps/lime/isic2018_ISIC_0012685.npy,0.5234631896018982,unknown,unknown,../outputs/pilot/pseudo_concepts/npz/isic2018/ISIC_0012685.npz,../outputs/pilot/pseudo_concepts/png_preview/isic2018/ISIC_0012685.png,2069,0.1077815368771553,0.101690262556076,0.101690262556076,0.1588471829891204,0.2116548717021942,0.1802672296762466,0.3689640760421753
ISIC_0012770,True,True,2000,3008,6016000,1.504,2000,3008,0.0222707779255319,133981,small,True,False,False,False,False,False,0,,,,133981,0.0222707779255319,413.02531089893495,1504.6299997760875,992.5028474186638,1270,813,1739,1171,470,359,isic2018,isic2018_ISIC_0012770,../data/isic2018/images/ISIC_0012770.jpg,../outputs/pilot/xai_maps/gradcam/isic2018_ISIC_0012770.npy,../outputs/pilot/xai_maps/shap/isic2018_ISIC_0012770.npy,../outputs/pilot/xai_maps/lime/isic2018_ISIC_0012770.npy,0.466088205575943,unknown,unknown,../outputs/pilot/pseudo_concepts/npz/isic2018/ISIC_0012770.npz,../outputs/pilot/pseudo_concepts/png_preview/isic2018/ISIC_0012770.png,1115,0.0959641262888908,0.1178777888417244,0.1178777888417244,0.2348254323005676,0.3592416048049927,0.3057051599025726,0.4590093791484833
ISIC_0010189,True,True,768,1024,786432,1.3333333333333333,768,1024,0.9819183349609376,772212,normal,True,False,True,False,True,True,2,,,,772212,0.9819183349609376,991.5698943186152,510.64653747934506,383.6813362133715,1,1,1023,767,1023,767,isic2018,isic2018_ISIC_0010189,../data/isic2018/images/ISIC_0010189.jpg,../outputs/pilot/xai_maps/gradcam/isic2018_ISIC_0010189.npy,../outputs/pilot/xai_maps/shap/isic2018_ISIC_0010189.npy,../outputs/pilot/xai_maps/lime/isic2018_ISIC_0010189.npy,0.6866306662559509,unknown,unknown,../outputs/pilot/pseudo_concepts/npz/isic2018/ISIC_0010189.npz,../outputs/pilot/pseudo_concepts/png_preview/isic2018/ISIC_0010189.png,49299,0.0163289308547973,0.0064146360382437,0.0064146360382437,0.0057283239439129,0.0071169049479067,0.0058684642426669,0.2498865574598312
ISIC_0010215,True,True,768,1024,786432,1.3333333333333333,768,1024,0.2132377624511718,167697,normal,True,False,False,False,False,False,0,,,,167697,0.2132377624511718,462.0805686603285,432.908161744098,362.9208393710084,171,159,674,605,504,447,isic2018,isic2018_ISIC_0010215,../data/isic2018/images/ISIC_0010215.jpg,../outputs/pilot/xai_maps/gradcam/isic2018_ISIC_0010215.npy,../outputs/pilot/xai_maps/shap/isic2018_ISIC_0010215.npy,../outputs/pilot/xai_maps/lime/isic2018_ISIC_0010215.npy,0.0673810243606567,unknown,unknown,../outputs/pilot/pseudo_concepts/npz/isic2018/ISIC_0010215.npz,../outputs/pilot/pseudo_concepts/png_preview/isic2018/ISIC_0010215.png,10698,0.1107683703303337,0.0122018326073884,0.0122018326073884,0.0280084051191806,0.0491485297679901,0.0415271744132041,0.3933310508728027
ISIC_0014839,True,True,4441,6622,29408302,1.491105606845305,4441,6622,0.1395181537512774,4102992,normal,True,False,False,False,False,False,0,,,,4102992,0.1395181537512774,2285.6271931642777,3925.227676778312,1459.7465220502502,2794,139,5069,2775,2276,2637,isic2018,isic2018_ISIC_0014839,../data/isic2018/images/ISIC_0014839.jpg,../outputs/pilot/xai_maps/gradcam/isic2018_ISIC_0014839.npy,../outputs/pilot/xai_maps/shap/isic2018_ISIC_0014839.npy,../outputs/pilot/xai_maps/lime/isic2018_ISIC_0014839.npy,0.0274257380515337,unknown,unknown,../outputs/pilot/pseudo_concepts/npz/isic2018/ISIC_0014839.npz,../outputs/pilot/pseudo_concepts/png_preview/isic2018/ISIC_0014839.png,7005,0.173733040690422,0.0556054860353469,0.0556054860353469,0.0882289186120033,0.1204527840018272,0.103037491440773,0.2927247881889343
ISIC_0013229,True,True,2848,4288,12212224,1.5056179775280898,2848,4288,0.0541185618606406,660908,normal,True,False,False,False,False,False,0,,,,660908,0.0541185618606406,917.3299303041556,2300.8188809940266,2103.7835674556823,1809,1558,2747,2558,939,1001,isic2018,isic2018_ISIC_0013229,../data/isic2018/images/ISIC_0013229.jpg,../outputs/pilot/xai_maps/gradcam/isic2018_ISIC_0013229.npy,../outputs/pilot/xai_maps/shap/isic2018_ISIC_0013229.npy,../outputs/pilot/xai_maps/lime/isic2018_ISIC_0013229.npy,0.2106879949569702,unknown,unknown,../outputs/pilot/pseudo_concepts/npz/isic2018/ISIC_0013229.npz,../outputs/pilot/pseudo_concepts/png_preview/isic2018/ISIC_0013229.png,2728,0.1484604179859161,0.0671813860535621,0.0671813860535621,0.0758809372782707,0.0992905050516128,0.0854444727301597,0.1946323812007904
ISIC_0012299,True,True,2000,3008,6016000,1.504,2000,3008,0.1765302526595744,1062006,normal,True,False,False,False,False,False,0,,,,1062006,0.1765302526595744,1162.8362034035624,1488.5742387519467,1044.344131765734,894,516,2115,1656,1222,1141,isic2018,isic2018_ISIC_0012299,../data/isic2018/images/ISIC_0012299.jpg,../outputs/pilot/xai_maps/gradcam/isic2018_ISIC_0012299.npy,../outputs/pilot/xai_maps/shap/isic2018_ISIC_0012299.npy,../outputs/pilot/xai_maps/lime/isic2018_ISIC_0012299.npy,0.0016659058164805,unknown,unknown,../outputs/pilot/pseudo_concepts/npz/isic2018/ISIC_0012299.npz,../outputs/pilot/pseudo_concepts/png_preview/isic2018/ISIC_0012299.png,8855,0.1145115718245506,0.0333543308079242,0.0333543308079242,0.0593211948871612,0.0752086713910102,0.0668868795037269,0.2224417179822921
ISIC_0010032,True,True,768,1024,786432,1.3333333333333333,768,1024,0.1317532857259114,103615,normal,True,False,False,False,False,False,0,,,,103615,0.1317532857259114,363.21717391628647,478.7097717511944,324.828885779086,321,47,639,570,319,524,isic2018,isic2018_ISIC_0010032,../data/isic2018/images/ISIC_0010032.jpg,../outputs/pilot/xai_maps/gradcam/isic2018_ISIC_0010032.npy,../outputs/pilot/xai_maps/shap/isic2018_ISIC_0010032.npy,../outputs/pilot/xai_maps/lime/isic2018_ISIC_0010032.npy,0.8991084098815918,unknown,unknown,../outputs/pilot/pseudo_concepts/npz/isic2018/ISIC_0010032.npz,../outputs/pilot/pseudo_concepts/png_preview/isic2018/ISIC_0010032.png,6604,0.1753482669591903,0.0171988755464553,0.0171988755464553,0.027687506750226,0.0437992848455905,0.0397940315306186,0.3997941613197326
ISIC_0000075,True,True,767,1022,783874,1.332464146023468,767,1022,0.6189094165643968,485147,normal,True,False,False,False,False,False,0,,,,485147,0.6189094165643968,785.944238104479,512.0838900374525,380.094196192082,76,1,941,762,866,762,isic2018,isic2018_ISIC_0000075,../data/isic2018/images/ISIC_0000075.jpg,../outputs/pilot/xai_maps/gradcam/isic2018_ISIC_0000075.npy,../outputs/pilot/xai_maps/shap/isic2018_ISIC_0000075.npy,../outputs/pilot/xai_maps/lime/isic2018_ISIC_0000075.npy,0.2414582073688507,unknown,unknown,../outputs/pilot/pseudo_concepts/npz/isic2018/ISIC_0000075.npz,../outputs/pilot/pseudo_concepts/png_preview/isic2018/ISIC_0000075.png,31057,0.0509063974022865,0.0112497573718428,0.0112497573718428,0.0184012111276388,0.0261914301663637,0.0221867524087429,0.2229079902172088
ISIC_0014076,True,True,2848,4288,12212224,1.5056179775280898,2848,4288,0.6399343805026833,7815022,normal,True,True,True,False,False,True,2,,,,7815022,0.6399343805026833,3154.424678665712,2031.5122801957564,1327.921820309655,202,0,3852,2847,3651,2848,isic2018,isic2018_ISIC_0014076,../data/isic2018/images/ISIC_0014076.jpg,../outputs/pilot/xai_maps/gradcam/isic2018_ISIC_0014076.npy,../outputs/pilot/xai_maps/shap/isic2018_ISIC_0014076.npy,../outputs/pilot/xai_maps/lime/isic2018_ISIC_0014076.npy,0.0002998898271471,unknown,unknown,../outputs/pilot/pseudo_concepts/npz/isic2018/ISIC_0014076.npz,../outputs/pilot/pseudo_concepts/png_preview/isic2018/ISIC_0014076.png,32130,0.100280113518238,0.0135518908500671,0.0135518908500671,0.0236860197037458,0.0216514989733696,0.0185552760958671,0.168593168258667
ISIC_0000060,True,True,1129,1504,1698016,1.3321523472099204,1129,1504,0.505168973672804,857785,normal,True,False,False,False,False,False,0,,,,857785,0.505168973672804,1045.0673580591117,636.6247264757486,613.4872468042691,112,94,1152,1118,1041,1025,isic2018,isic2018_ISIC_0000060,../data/isic2018/images/ISIC_0000060.jpg,../outputs/pilot/xai_maps/gradcam/isic2018_ISIC_0000060.npy,../outputs/pilot/xai_maps/shap/isic2018_ISIC_0000060.npy,../outputs/pilot/xai_maps/lime/isic2018_ISIC_0000060.npy,0.1894550025463104,unknown,unknown,../outputs/pilot/pseudo_concepts/npz/isic2018/ISIC_0000060.npz,../outputs/pilot/pseudo_concepts/png_preview/isic2018/ISIC_0000060.png,25354,0.0406641960144043,0.0077620251104235,0.0077620251104235,0.0167217664420604,0.024973627179861,0.0214791987091302,0.3428853154182434
ISIC_0012369,True,True,2848,4288,12212224,1.5056179775280898,2848,4288,0.1371725575947509,1675182,normal,True,False,False,False,False,False,0,,,,1675182,0.1371725575947509,1460.4478652209873,2232.840118267746,1743.294060585656,1398,1032,3026,2353,1629,1322,isic2018,isic2018_ISIC_0012369,../data/isic2018/images/ISIC_0012369.jpg,../outputs/pilot/xai_maps/gradcam/isic2018_ISIC_0012369.npy,../outputs/pilot/xai_maps/shap/isic2018_ISIC_0012369.npy,../outputs/pilot/xai_maps/lime/isic2018_ISIC_0012369.npy,0.0018692885059863,unknown,unknown,../outputs/pilot/pseudo_concepts/npz/isic2018/ISIC_0012369.npz,../outputs/pilot/pseudo_concepts/png_preview/isic2018/ISIC_0012369.png,6883,0.096905417740345,0.0171003099530935,0.0171003099530935,0.0415906235575675,0.0699962452054023,0.0601265728473663,0.3171916902065277
ISIC_0000282,True,True,768,1024,786432,1.3333333333333333,768,1024,0.428235371907552,336778,normal,True,True,False,False,False,True,1,,,,336778,0.428235371907552,654.8275096518308,459.6463664491149,340.06750144011784,100,0,806,695,707,696,isic2018,isic2018_ISIC_0000282,../data/isic2018/images/ISIC_0000282.jpg,../outputs/pilot/xai_maps/gradcam/isic2018_ISIC_0000282.npy,../outputs/pilot/xai_maps/shap/isic2018_ISIC_0000282.npy,../outputs/pilot/xai_maps/lime/isic2018_ISIC_0000282.npy,0.1453679949045181,unknown,unknown,../outputs/pilot/pseudo_concepts/npz/isic2018/ISIC_0000282.npz,../outputs/pilot/pseudo_concepts/png_preview/isic2018/ISIC_0000282.png,21507,0.1730599403381347,0.0093629453331232,0.0093629453331232,0.0204195193946361,0.0313666276633739,0.0271970871835947,0.1618663519620895
ISIC_0000215,True,True,674,962,648388,1.427299703264095,674,962,0.7340944002665071,475978,normal,True,False,True,False,False,True,1,,,,475978,0.7340944002665071,778.4818636448464,432.7766094231246,339.1994461928913,1,2,904,673,904,672,isic2018,isic2018_ISIC_0000215,../data/isic2018/images/ISIC_0000215.jpg,../outputs/pilot/xai_maps/gradcam/isic2018_ISIC_0000215.npy,../outputs/pilot/xai_maps/shap/isic2018_ISIC_0000215.npy,../outputs/pilot/xai_maps/lime/isic2018_ISIC_0000215.npy,0.7796087861061096,unknown,unknown,../outputs/pilot/pseudo_concepts/npz/isic2018/ISIC_0000215.npz,../outputs/pilot/pseudo_concepts/png_preview/isic2018/ISIC_0000215.png,36824,0.0599065832793712,0.0113689005374908,0.0113689005374908,0.0187296662479639,0.0242108888924121,0.0202831514179706,0.392624169588089
ISIC_0015485,True,True,4439,6648,29510472,1.4976346023879252,4439,6648,0.6193638651391276,18277720,normal,True,True,True,False,False,True,2,,,,18277720,0.6193638651391276,4824.097417299611,2792.3746068984533,2239.951323250384,361,0,5332,4438,4972,4439,isic2018,isic2018_ISIC_0015485,../data/isic2018/images/ISIC_0015485.jpg,../outputs/pilot/xai_maps/gradcam/isic2018_ISIC_0015485.npy,../outputs/pilot/xai_maps/shap/isic2018_ISIC_0015485.npy,../outputs/pilot/xai_maps/lime/isic2018_ISIC_0015485.npy,0.7982484698295593,unknown,unknown,../outputs/pilot/pseudo_concepts/npz/isic2018/ISIC_0015485.npz,../outputs/pilot/pseudo_concepts/png_preview/isic2018/ISIC_0015485.png,31063,0.0860509276390075,0.0089401789009571,0.0089401789009571,0.0164968557655811,0.0246876236051321,0.020890075713396,0.2167620509862899
ISIC_0010604,True,True,768,1024,786432,1.3333333333333333,768,1024,0.9302279154459636,731561,normal,True,False,True,False,False,True,1,,,,731561,0.9302279154459636,965.117813837254,524.2219664525583,372.9212710901757,2,5,1019,767,1018,763,isic2018,isic2018_ISIC_0010604,../data/isic2018/images/ISIC_0010604.jpg,../outputs/pilot/xai_maps/gradcam/isic2018_ISIC_0010604.npy,../outputs/pilot/xai_maps/shap/isic2018_ISIC_0010604.npy,../outputs/pilot/xai_maps/lime/isic2018_ISIC_0010604.npy,0.0028337298426777,unknown,unknown,../outputs/pilot/pseudo_concepts/npz/isic2018/ISIC_0010604.npz,../outputs/pilot/pseudo_concepts/png_preview/isic2018/ISIC_0010604.png,46795,0.0807564929127693,0.019945653155446,0.019945653155446,0.018275611102581,0.0200379975140094,0.0170749984681606,0.2504505515098572
ISIC_0010329,True,True,768,1024,786432,1.3333333333333333,768,1024,0.8760693868001302,688969,normal,True,False,True,True,True,True,3,,,,688969,0.8760693868001302,936.6016100224472,490.6198130830269,416.33914007742,0,3,1023,767,1024,765,isic2018,isic2018_ISIC_0010329,../data/isic2018/images/ISIC_0010329.jpg,../outputs/pilot/xai_maps/gradcam/isic2018_ISIC_0010329.npy,../outputs/pilot/xai_maps/shap/isic2018_ISIC_0010329.npy,../outputs/pilot/xai_maps/lime/isic2018_ISIC_0010329.npy,0.9399442076683044,unknown,unknown,../outputs/pilot/pseudo_concepts/npz/isic2018/ISIC_0010329.npz,../outputs/pilot/pseudo_concepts/png_preview/isic2018/ISIC_0010329.png,43957,0.1295356899499893,0.0084082568064332,0.0084082568064332,0.0142613416537642,0.0203318279236555,0.0177297089248895,0.2741210162639618
ISIC_0011295,True,True,768,1024,786432,1.3333333333333333,768,1024,0.4636777242024739,364651,normal,True,False,True,False,False,True,1,,,,364651,0.4636777242024739,681.3868748568774,516.1011350579047,382.1037265769188,209,3,814,767,606,765,isic2018,isic2018_ISIC_0011295,../data/isic2018/images/ISIC_0011295.jpg,../outputs/pilot/xai_maps/gradcam/isic2018_ISIC_0011295.npy,../outputs/pilot/xai_maps/shap/isic2018_ISIC_0011295.npy,../outputs/pilot/xai_maps/lime/isic2018_ISIC_0011295.npy,0.8143569827079773,unknown,unknown,../outputs/pilot/pseudo_concepts/npz/isic2018/ISIC_0011295.npz,../outputs/pilot/pseudo_concepts/png_preview/isic2018/ISIC_0011295.png,23268,0.1241619363427162,0.0101809445768594,0.0101809445768594,0.0155903734266757,0.0223243329674005,0.0195087678730487,0.3415468633174896
ISIC_0015150,True,True,4380,6622,29004360,1.5118721461187214,4380,6622,0.3349163711938481,9714035,normal,True,True,False,False,False,True,1,,,,9714035,0.3349163711938481,3516.858470416664,3194.8962207774625,1897.245044206656,1279,0,5251,3856,3973,3857,isic2018,isic2018_ISIC_0015150,../data/isic2018/images/ISIC_0015150.jpg,../outputs/pilot/xai_maps/gradcam/isic2018_ISIC_0015150.npy,../outputs/pilot/xai_maps/shap/isic2018_ISIC_0015150.npy,../outputs/pilot/xai_maps/lime/isic2018_ISIC_0015150.npy,0.9516767263412476,unknown,unknown,../outputs/pilot/pseudo_concepts/npz/isic2018/ISIC_0015150.npz,../outputs/pilot/pseudo_concepts/png_preview/isic2018/ISIC_0015150.png,16813,0.1326949447393417,0.022748377174139,0.022748377174139,0.0375492572784423,0.0304297599941492,0.0274311602115631,0.3667943775653839
ISIC_0014968,True,True,4439,6688,29688032,1.506645640910115,4439,6688,0.4311765091064305,12800782,normal,True,False,False,False,True,True,1,,,,12800782,0.4311765091064305,4037.135351450836,3569.686923189536,2199.6372097423423,1169,251,6687,3953,5519,3703,isic2018,isic2018_ISIC_0014968,../data/isic2018/images/ISIC_0014968.jpg,../outputs/pilot/xai_maps/gradcam/isic2018_ISIC_0014968.npy,../outputs/pilot/xai_maps/shap/isic2018_ISIC_0014968.npy,../outputs/pilot/xai_maps/lime/isic2018_ISIC_0014968.npy,0.7816747426986694,unknown,unknown,../outputs/pilot/pseudo_concepts/npz/isic2018/ISIC_0014968.npz,../outputs/pilot/pseudo_concepts/png_preview/isic2018/ISIC_0014968.png,21639,0.1168723106384277,0.0042298999615013,0.0042298999615013,0.0069454936310648,0.0100677050650119,0.0088643804192543,0.2669385969638824
ISIC_0014857,True,True,4439,6628,29421692,1.4931290831268305,4439,6628,0.6217757632701749,18293695,normal,True,True,True,False,False,True,2,,,,18293695,0.6217757632701749,4826.205123419842,3696.875568877693,2410.4274999118547,1088,0,6317,4438,5230,4439,isic2018,isic2018_ISIC_0014857,../data/isic2018/images/ISIC_0014857.jpg,../outputs/pilot/xai_maps/gradcam/isic2018_ISIC_0014857.npy,../outputs/pilot/xai_maps/shap/isic2018_ISIC_0014857.npy,../outputs/pilot/xai_maps/lime/isic2018_ISIC_0014857.npy,0.9830637574195862,unknown,unknown,../outputs/pilot/pseudo_concepts/npz/isic2018/ISIC_0014857.npz,../outputs/pilot/pseudo_concepts/png_preview/isic2018/ISIC_0014857.png,31183,0.160600334405899,0.0117430603131651,0.0117430603131651,0.0184785313904285,0.0287684444338083,0.0239971037954092,0.178316593170166
ISIC_0015166,True,True,4459,6627,29549793,1.4862076698811393,4459,6627,0.4710499664075481,13919429,normal,True,False,True,False,False,True,1,,,,13919429,0.4710499664075481,4209.841736090969,3876.301755553335,2364.800967482215,1761,175,6264,4458,4504,4284,isic2018,isic2018_ISIC_0015166,../data/isic2018/images/ISIC_0015166.jpg,../outputs/pilot/xai_maps/gradcam/isic2018_ISIC_0015166.npy,../outputs/pilot/xai_maps/shap/isic2018_ISIC_0015166.npy,../outputs/pilot/xai_maps/lime/isic2018_ISIC_0015166.npy,0.9999377727508544,unknown,unknown,../outputs/pilot/pseudo_concepts/npz/isic2018/ISIC_0015166.npz,../outputs/pilot/pseudo_concepts/png_preview/isic2018/ISIC_0015166.png,23617,0.106237031519413,0.0200384147465229,0.0200384147465229,0.0296149030327796,0.0359116531908512,0.0305144786834716,0.3359340131282806
