dataset,stem,pseudo_npz_path,preview_png_path,mask_pixels_224,asymmetry_mean,border_irregularity_mean,border_w8_dil2_sigma5_mean,border_w12_dil4_sigma8_mean,border_w16_dil6_sigma10_mean,border_w16_dil6_sigma10_dist_mean,colour_heterogeneity_mean
ham10000,ISIC_0024596,../outputs/pilot/pseudo_concepts/npz/ham10000/ISIC_0024596.npz,../outputs/pilot/pseudo_concepts/png_preview/ham10000/ISIC_0024596.png,9803,0.10619198530912399,0.038359858095645905,0.038359858095645905,0.05026884749531746,0.0701490268111229,0.06101701408624649,0.42707130312919617
ham10000,ISIC_0024615,../outputs/pilot/pseudo_concepts/npz/ham10000/ISIC_0024615.npz,../outputs/pilot/pseudo_concepts/png_preview/ham10000/ISIC_0024615.png,1117,0.143240824341774,0.106675885617733,0.106675885617733,0.19195453822612762,0.30575689673423767,0.27339521050453186,0.3900332748889923
ham10000,ISIC_0024823,../outputs/pilot/pseudo_concepts/npz/ham10000/ISIC_0024823.npz,../outputs/pilot/pseudo_concepts/png_preview/ham10000/ISIC_0024823.png,22397,0.06514265388250351,0.010487250052392483,0.010487250052392483,0.01841801218688488,0.029170090332627296,0.024596843868494034,0.30950209498405457
ham10000,ISIC_0024932,../outputs/pilot/pseudo_concepts/npz/ham10000/ISIC_0024932.npz,../outputs/pilot/pseudo_concepts/png_preview/ham10000/ISIC_0024932.png,5361,0.07069576531648636,0.036707911640405655,0.036707911640405655,0.06269819289445877,0.09898235648870468,0.08546551316976547,0.32589197158813477
ham10000,ISIC_0025216,../outputs/pilot/pseudo_concepts/npz/ham10000/ISIC_0025216.npz,../outputs/pilot/pseudo_concepts/png_preview/ham10000/ISIC_0025216.png,16039,0.08217469602823257,0.015870872884988785,0.015870872884988785,0.019900862127542496,0.02715192548930645,0.023202616721391678,0.2642146944999695
ham10000,ISIC_0025268,../outputs/pilot/pseudo_concepts/npz/ham10000/ISIC_0025268.npz,../outputs/pilot/pseudo_concepts/png_preview/ham10000/ISIC_0025268.png,29052,0.230483278632164,0.007584995124489069,0.007584995124489069,0.017503147944808006,0.027342775836586952,0.023100143298506737,0.28669023513793945
ham10000,ISIC_0025439,../outputs/pilot/pseudo_concepts/npz/ham10000/ISIC_0025439.npz,../outputs/pilot/pseudo_concepts/png_preview/ham10000/ISIC_0025439.png,26362,0.24015629291534424,0.013111954554915428,0.013111954554915428,0.018980063498020172,0.02629426121711731,0.02209947258234024,0.36859777569770813
ham10000,ISIC_0025524,../outputs/pilot/pseudo_concepts/npz/ham10000/ISIC_0025524.npz,../outputs/pilot/pseudo_concepts/png_preview/ham10000/ISIC_0025524.png,44112,0.1231410950422287,0.0054345158860087395,0.0054345158860087395,0.010677359998226166,0.009986546821892262,0.008289333432912827,0.31917768716812134
ham10000,ISIC_0025550,../outputs/pilot/pseudo_concepts/npz/ham10000/ISIC_0025550.npz,../outputs/pilot/pseudo_concepts/png_preview/ham10000/ISIC_0025550.png,3839,0.13753581047058105,0.0299132838845253,0.0299132838845253,0.048233967274427414,0.0698043629527092,0.0624527744948864,0.26708316802978516
ham10000,ISIC_0025748,../outputs/pilot/pseudo_concepts/npz/ham10000/ISIC_0025748.npz,../outputs/pilot/pseudo_concepts/png_preview/ham10000/ISIC_0025748.png,14140,0.10396039485931396,0.02812463603913784,0.02812463603913784,0.03868243470788002,0.04713176563382149,0.04012555629014969,0.25986945629119873
ham10000,ISIC_0026578,../outputs/pilot/pseudo_concepts/npz/ham10000/ISIC_0026578.npz,../outputs/pilot/pseudo_concepts/png_preview/ham10000/ISIC_0026578.png,10329,0.1836576610803604,0.031183581799268723,0.031183581799268723,0.03874706104397774,0.055790115147829056,0.047010328620672226,0.37680062651634216
ham10000,ISIC_0026778,../outputs/pilot/pseudo_concepts/npz/ham10000/ISIC_0026778.npz,../outputs/pilot/pseudo_concepts/png_preview/ham10000/ISIC_0026778.png,11168,0.2939648926258087,0.03061952069401741,0.03061952069401741,0.03158486261963844,0.03761907294392586,0.03210106119513512,0.2690654993057251
ham10000,ISIC_0026912,../outputs/pilot/pseudo_concepts/npz/ham10000/ISIC_0026912.npz,../outputs/pilot/pseudo_concepts/png_preview/ham10000/ISIC_0026912.png,25592,0.15543919801712036,0.01649085432291031,0.01649085432291031,0.023043112829327583,0.012682013213634491,0.010741318576037884,0.33449411392211914
ham10000,ISIC_0026950,../outputs/pilot/pseudo_concepts/npz/ham10000/ISIC_0026950.npz,../outputs/pilot/pseudo_concepts/png_preview/ham10000/ISIC_0026950.png,26196,0.17865322530269623,0.01225640531629324,0.01225640531629324,0.016737591475248337,0.02213924191892147,0.018984030932188034,0.22807320952415466
ham10000,ISIC_0027261,../outputs/pilot/pseudo_concepts/npz/ham10000/ISIC_0027261.npz,../outputs/pilot/pseudo_concepts/png_preview/ham10000/ISIC_0027261.png,3270,0.09847094863653183,0.0683196634054184,0.0683196634054184,0.08614416420459747,0.10710831731557846,0.09207239001989365,0.3872455656528473
ham10000,ISIC_0027402,../outputs/pilot/pseudo_concepts/npz/ham10000/ISIC_0027402.npz,../outputs/pilot/pseudo_concepts/png_preview/ham10000/ISIC_0027402.png,4298,0.09422987699508667,0.04568501189351082,0.04568501189351082,0.07632305473089218,0.1152995154261589,0.09687942266464233,0.374183714389801
ham10000,ISIC_0027585,../outputs/pilot/pseudo_concepts/npz/ham10000/ISIC_0027585.npz,../outputs/pilot/pseudo_concepts/png_preview/ham10000/ISIC_0027585.png,5905,0.1884843409061432,0.05251611769199371,0.05251611769199371,0.08188454061746597,0.09552983194589615,0.08072065562009811,0.3163556456565857
ham10000,ISIC_0027622,../outputs/pilot/pseudo_concepts/npz/ham10000/ISIC_0027622.npz,../outputs/pilot/pseudo_concepts/png_preview/ham10000/ISIC_0027622.png,20459,0.10323084890842438,0.027084417641162872,0.027084417641162872,0.023354938253760338,0.030549749732017517,0.02545826882123947,0.27910295128822327
ham10000,ISIC_0027758,../outputs/pilot/pseudo_concepts/npz/ham10000/ISIC_0027758.npz,../outputs/pilot/pseudo_concepts/png_preview/ham10000/ISIC_0027758.png,7022,0.10509826242923737,0.03666554391384125,0.03666554391384125,0.06127734109759331,0.08285108953714371,0.07014456391334534,0.3113976716995239
ham10000,ISIC_0027932,../outputs/pilot/pseudo_concepts/npz/ham10000/ISIC_0027932.npz,../outputs/pilot/pseudo_concepts/png_preview/ham10000/ISIC_0027932.png,26164,0.11420272290706635,0.02156195417046547,0.02156195417046547,0.02929064817726612,0.0347786508500576,0.02903829887509346,0.26825785636901855
ham10000,ISIC_0029007,../outputs/pilot/pseudo_concepts/npz/ham10000/ISIC_0029007.npz,../outputs/pilot/pseudo_concepts/png_preview/ham10000/ISIC_0029007.png,6203,0.06770917028188705,0.03749015927314758,0.03749015927314758,0.056266799569129944,0.08181414008140564,0.06890823692083359,0.31477150321006775
ham10000,ISIC_0029437,../outputs/pilot/pseudo_concepts/npz/ham10000/ISIC_0029437.npz,../outputs/pilot/pseudo_concepts/png_preview/ham10000/ISIC_0029437.png,13005,0.0923490971326828,0.023707326501607895,0.023707326501607895,0.03742898255586624,0.05287573114037514,0.044101011008024216,0.2781144976615906
ham10000,ISIC_0029467,../outputs/pilot/pseudo_concepts/npz/ham10000/ISIC_0029467.npz,../outputs/pilot/pseudo_concepts/png_preview/ham10000/ISIC_0029467.png,6915,0.11438900977373123,0.029169442132115364,0.029169442132115364,0.046644724905490875,0.065898597240448,0.056476954370737076,0.3763030469417572
ham10000,ISIC_0030000,../outputs/pilot/pseudo_concepts/npz/ham10000/ISIC_0030000.npz,../outputs/pilot/pseudo_concepts/png_preview/ham10000/ISIC_0030000.png,10379,0.08854417502880096,0.026064246892929077,0.026064246892929077,0.05208105966448784,0.06875495612621307,0.057976871728897095,0.3373038172721863
ham10000,ISIC_0030165,../outputs/pilot/pseudo_concepts/npz/ham10000/ISIC_0030165.npz,../outputs/pilot/pseudo_concepts/png_preview/ham10000/ISIC_0030165.png,4113,0.09919766336679459,0.04565490037202835,0.04565490037202835,0.10560983419418335,0.14882507920265198,0.12521009147167206,0.3697109520435333
ham10000,ISIC_0030509,../outputs/pilot/pseudo_concepts/npz/ham10000/ISIC_0030509.npz,../outputs/pilot/pseudo_concepts/png_preview/ham10000/ISIC_0030509.png,8201,0.07840507477521896,0.03268697112798691,0.03268697112798691,0.057110026478767395,0.08521785587072372,0.07160742580890656,0.368053674697876
ham10000,ISIC_0030521,../outputs/pilot/pseudo_concepts/npz/ham10000/ISIC_0030521.npz,../outputs/pilot/pseudo_concepts/png_preview/ham10000/ISIC_0030521.png,2968,0.13746631145477295,0.08284120261669159,0.08284120261669159,0.10936850309371948,0.14731323719024658,0.12386118620634079,0.3468250334262848
ham10000,ISIC_0030549,../outputs/pilot/pseudo_concepts/npz/ham10000/ISIC_0030549.npz,../outputs/pilot/pseudo_concepts/png_preview/ham10000/ISIC_0030549.png,5944,0.04592866823077202,0.03744278848171234,0.03744278848171234,0.07926128059625626,0.0962904766201973,0.08174466341733932,0.24997831881046295
ham10000,ISIC_0030700,../outputs/pilot/pseudo_concepts/npz/ham10000/ISIC_0030700.npz,../outputs/pilot/pseudo_concepts/png_preview/ham10000/ISIC_0030700.png,24449,0.18966010212898254,0.012249439023435116,0.012249439023435116,0.02185930870473385,0.02974233776330948,0.024863509461283684,0.23820699751377106
ham10000,ISIC_0031468,../outputs/pilot/pseudo_concepts/npz/ham10000/ISIC_0031468.npz,../outputs/pilot/pseudo_concepts/png_preview/ham10000/ISIC_0031468.png,1712,0.16530373692512512,0.10008449852466583,0.10008449852466583,0.13598819077014923,0.20433098077774048,0.18526573479175568,0.2343437224626541
ham10000,ISIC_0031561,../outputs/pilot/pseudo_concepts/npz/ham10000/ISIC_0031561.npz,../outputs/pilot/pseudo_concepts/png_preview/ham10000/ISIC_0031561.png,17342,0.2704417109489441,0.03511985018849373,0.03511985018849373,0.04711861163377762,0.05680466443300247,0.04804753139615059,0.3240334689617157
ham10000,ISIC_0031598,../outputs/pilot/pseudo_concepts/npz/ham10000/ISIC_0031598.npz,../outputs/pilot/pseudo_concepts/png_preview/ham10000/ISIC_0031598.png,2140,0.07757009565830231,0.08225558698177338,0.08225558698177338,0.16157154738903046,0.23831696808338165,0.20054808259010315,0.3619247376918793
ham10000,ISIC_0031833,../outputs/pilot/pseudo_concepts/npz/ham10000/ISIC_0031833.npz,../outputs/pilot/pseudo_concepts/png_preview/ham10000/ISIC_0031833.png,14268,0.059714045375585556,0.024371417239308357,0.024371417239308357,0.02471120096743107,0.034541599452495575,0.028963599354028702,0.39119452238082886
ham10000,ISIC_0031843,../outputs/pilot/pseudo_concepts/npz/ham10000/ISIC_0031843.npz,../outputs/pilot/pseudo_concepts/png_preview/ham10000/ISIC_0031843.png,11398,0.1255483478307724,0.028429072350263596,0.028429072350263596,0.04607747867703438,0.06672557443380356,0.05628042295575142,0.32959115505218506
ham10000,ISIC_0031852,../outputs/pilot/pseudo_concepts/npz/ham10000/ISIC_0031852.npz,../outputs/pilot/pseudo_concepts/png_preview/ham10000/ISIC_0031852.png,10497,0.13108506798744202,0.04027688875794411,0.04027688875794411,0.056182242929935455,0.07395005226135254,0.06228473410010338,0.2841637432575226
ham10000,ISIC_0032624,../outputs/pilot/pseudo_concepts/npz/ham10000/ISIC_0032624.npz,../outputs/pilot/pseudo_concepts/png_preview/ham10000/ISIC_0032624.png,5935,0.3388374149799347,0.041411932557821274,0.041411932557821274,0.07888950407505035,0.1240021288394928,0.10453567653894424,0.3931903839111328
ham10000,ISIC_0032773,../outputs/pilot/pseudo_concepts/npz/ham10000/ISIC_0032773.npz,../outputs/pilot/pseudo_concepts/png_preview/ham10000/ISIC_0032773.png,20410,0.11131798475980759,0.011201214976608753,0.011201214976608753,0.021477466449141502,0.03472510352730751,0.029057249426841736,0.23689788579940796
ham10000,ISIC_0033004,../outputs/pilot/pseudo_concepts/npz/ham10000/ISIC_0033004.npz,../outputs/pilot/pseudo_concepts/png_preview/ham10000/ISIC_0033004.png,22872,0.09430745244026184,0.021584702655673027,0.021584702655673027,0.03629656136035919,0.044023580849170685,0.038228023797273636,0.3963688313961029
ham10000,ISIC_0033068,../outputs/pilot/pseudo_concepts/npz/ham10000/ISIC_0033068.npz,../outputs/pilot/pseudo_concepts/png_preview/ham10000/ISIC_0033068.png,5084,0.19905586540699005,0.04855194687843323,0.04855194687843323,0.0860087051987648,0.12219122797250748,0.1025652214884758,0.3565148115158081
ham10000,ISIC_0033088,../outputs/pilot/pseudo_concepts/npz/ham10000/ISIC_0033088.npz,../outputs/pilot/pseudo_concepts/png_preview/ham10000/ISIC_0033088.png,26617,0.10778825730085373,0.011138314381241798,0.011138314381241798,0.02130202203989029,0.03324497491121292,0.02783840335905552,0.2669786512851715
ham10000,ISIC_0033128,../outputs/pilot/pseudo_concepts/npz/ham10000/ISIC_0033128.npz,../outputs/pilot/pseudo_concepts/png_preview/ham10000/ISIC_0033128.png,9353,0.1057414710521698,0.033759549260139465,0.033759549260139465,0.0523981899023056,0.07125856727361679,0.060668397694826126,0.34900444746017456
ham10000,ISIC_0033225,../outputs/pilot/pseudo_concepts/npz/ham10000/ISIC_0033225.npz,../outputs/pilot/pseudo_concepts/png_preview/ham10000/ISIC_0033225.png,11226,0.1316586434841156,0.026042966172099113,0.026042966172099113,0.0363755002617836,0.04707789048552513,0.04008464142680168,0.3007713258266449
ham10000,ISIC_0033241,../outputs/pilot/pseudo_concepts/npz/ham10000/ISIC_0033241.npz,../outputs/pilot/pseudo_concepts/png_preview/ham10000/ISIC_0033241.png,27254,0.10625962913036346,0.016318324953317642,0.016318324953317642,0.023732300847768784,0.03284827619791031,0.028164895251393318,0.2937633693218231
ham10000,ISIC_0033261,../outputs/pilot/pseudo_concepts/npz/ham10000/ISIC_0033261.npz,../outputs/pilot/pseudo_concepts/png_preview/ham10000/ISIC_0033261.png,24484,0.057915374636650085,0.015824967995285988,0.015824967995285988,0.029159314930438995,0.039672840386629105,0.03355630859732628,0.2960999310016632
ham10000,ISIC_0033299,../outputs/pilot/pseudo_concepts/npz/ham10000/ISIC_0033299.npz,../outputs/pilot/pseudo_concepts/png_preview/ham10000/ISIC_0033299.png,32458,0.08312280476093292,0.008726261556148529,0.008726261556148529,0.02066868729889393,0.030931901186704636,0.025816142559051514,0.3658215403556824
ham10000,ISIC_0033468,../outputs/pilot/pseudo_concepts/npz/ham10000/ISIC_0033468.npz,../outputs/pilot/pseudo_concepts/png_preview/ham10000/ISIC_0033468.png,20471,0.08045528084039688,0.017506984993815422,0.017506984993815422,0.021542519330978394,0.03769698739051819,0.03168043494224548,0.36934229731559753
ham10000,ISIC_0033611,../outputs/pilot/pseudo_concepts/npz/ham10000/ISIC_0033611.npz,../outputs/pilot/pseudo_concepts/png_preview/ham10000/ISIC_0033611.png,4302,0.1006508618593216,0.046966467052698135,0.046966467052698135,0.06679879128932953,0.08966508507728577,0.07681380957365036,0.30885547399520874
ham10000,ISIC_0033820,../outputs/pilot/pseudo_concepts/npz/ham10000/ISIC_0033820.npz,../outputs/pilot/pseudo_concepts/png_preview/ham10000/ISIC_0033820.png,2225,0.0782022476196289,0.06656444072723389,0.06656444072723389,0.11141780018806458,0.16835390031337738,0.14473530650138855,0.3278813660144806
ham10000,ISIC_0033995,../outputs/pilot/pseudo_concepts/npz/ham10000/ISIC_0033995.npz,../outputs/pilot/pseudo_concepts/png_preview/ham10000/ISIC_0033995.png,7306,0.09389542788267136,0.030475197359919548,0.030475197359919548,0.052864257246255875,0.0675148218870163,0.05827562138438225,0.31963980197906494
ham10000,ISIC_0034034,../outputs/pilot/pseudo_concepts/npz/ham10000/ISIC_0034034.npz,../outputs/pilot/pseudo_concepts/png_preview/ham10000/ISIC_0034034.png,5377,0.1407848298549652,0.062804214656353,0.062804214656353,0.07942268997430801,0.10833542793989182,0.09182342886924744,0.34190917015075684
