mask_size_class,xai_method,concept,n,mean_observed_dice,mean_random_dice,mean_dice_enrichment,mean_dice_z,mean_observed_iou,mean_random_iou,mean_iou_enrichment,mean_iou_z,mean_observed_sir,mean_random_sir,mean_sir_enrichment,mean_sir_z,mean_concept_area_ratio_lesion
normal,gradcam,asymmetry,11252,0.059006335676118495,0.07942449292876304,0.9632850099058791,-15.71548302400387,0.031120906410947488,0.04275914096451605,0.9628542010603992,-14.463225368801146,0.024097539517264573,0.04600902796144502,1.3445832112349438,-8.257473870291024,0.12227469123445846
normal,lime,asymmetry,11252,0.06322954164443643,0.09031865962718107,0.7931359788232447,-13.081700284407596,0.03328492780247974,0.0483609004020484,0.788084163388674,-12.60689739321803,0.036927830583669524,0.05338866732340152,0.7894336860363709,-13.095852923778072,0.12227469123445846
normal,shap,asymmetry,11252,0.06503660214869582,0.1199306245736018,0.5961643955402033,-17.14211790851629,0.03413303813422903,0.06505941451443073,0.5843378816525046,-16.37748180098633,0.03758084535835637,0.059241486679681196,0.6752189557333043,-17.428250527932708,0.12227469123445846
small,gradcam,asymmetry,971,0.010414617796151314,0.011196997612630856,1.0931080375418696,-3.7649756539021224,0.005271846679343708,0.005676056415641673,1.0930359231865927,-3.741005479363112,0.009404861651768966,0.013451909397366428,1.4314356215173085,-3.2537915046871113,0.10795276419194448
small,lime,asymmetry,971,0.013113441232000518,0.0170956448202729,0.9595237253802349,-6.269960481407647,0.006627611576591552,0.008663129457802623,0.9592291856761773,-6.232153723425896,0.006715196820692158,0.008797605847041808,0.9540799927513595,-6.32481837062441,0.10795276419194448
small,shap,asymmetry,971,0.02353597525658781,0.025105766412303495,0.9474923245454968,-1.5503590942252654,0.011959904305301248,0.012768114790230356,0.9470264909993021,-1.5430860175948042,0.008803313949200958,0.010142232835025768,0.8983767563252969,-1.7219623902508154,0.10795276419194448
tiny,gradcam,asymmetry,285,0.004892415359173875,0.005067701417116622,1.128395134573408,-1.8235298312963626,0.00246074501883717,0.0025503747566952757,1.1284929911847155,-1.8164983185784356,0.005813269031964474,0.006457770776919253,1.3587629617440302,-1.5847935577429824,0.10785041377867365
tiny,lime,asymmetry,285,0.00639469668771845,0.007586410638053066,1.0314689299469555,-3.3407542146362856,0.0032122069835705805,0.003813481291185052,1.0315104948588103,-3.332029957310678,0.003287310805733333,0.003920069597467419,1.0290030543249666,-3.3663243251290083,0.10785041377867365
tiny,shap,asymmetry,285,0.01131607143250292,0.011663621790784635,0.9802200167262295,-0.61902304385736,0.005698045347107303,0.005874405969641667,0.980164293842781,-0.617187281495384,0.004375861213428098,0.004876233926247102,0.9389485801123214,-0.6656351842604079,0.10785041377867365
very_tiny,lime,asymmetry,99,0.0034404792502961325,0.0035212263473033893,1.3160030669179996,-0.46394280597324256,0.0017257278493699945,0.001766713717157435,1.316255181283952,-0.46189571097851595,0.0017651613836112683,0.0018090672511415831,1.320599863254775,-0.4772463143675878,0.12306614264344222
very_tiny,gradcam,asymmetry,99,0.0030855264681673186,0.0030790265167529953,0.9983454010220181,-0.8958717975703498,0.0015513972673013277,0.0015478317812380538,0.9983494673671273,-0.8956929976602989,0.003179452822701237,0.0031416245095691555,1.1437732709697124,-0.6603576471306679,0.12306614264344222
very_tiny,shap,asymmetry,99,0.006581649603512874,0.006548405606776975,0.9999178755788515,-0.13369098399411034,0.0033066591906762395,0.0032895038345282317,1.0000003485281592,-0.13293369823348586,0.0026492106203798334,0.002740950673198831,0.9721001710601509,-0.08668333643088663,0.12306614264344222
normal,gradcam,border_default,11252,0.0031299983103299815,0.004028264446123801,0.9862552707674836,-2.604376101811419,0.0015700297478668957,0.00202221730012478,0.9865631340649578,-2.5904363077210797,0.0012171595034321855,0.0022033153255614345,2.0078363478066423,-1.1502712639061055,0.007877338199265888
normal,lime,border_default,11252,0.003384186450202041,0.004907075738473617,0.7846502524247564,-2.982898885735394,0.0016974744045809846,0.0024628074338409744,0.7847766684197887,-2.9735918355830893,0.0017042237143927083,0.0024887222989432895,0.7807935511178054,-2.9909267105476283,0.007877338199265888
normal,shap,border_default,11252,0.004091167753526048,0.007247104633129296,0.5482178442570986,-3.7223825352939555,0.002053343669586641,0.0036425696772250907,0.5476842417247435,-3.7123864022203614,0.0017737197875418536,0.002835213715193225,0.6350616495089507,-3.714946821610232,0.007877338199265888
small,gradcam,border_default,971,0.003166356337278304,0.0033943646012262094,1.0652131720403333,-1.8568428856362338,0.0015887709504518485,0.0017036944312204324,1.0652888409749046,-1.8503495961828225,0.002813775056398961,0.004125229622873098,1.3595236709504501,-1.90181277298906,0.03527199432182115
small,shap,border_default,971,0.007406811157720828,0.007942370661352234,0.9539649785569456,-0.8681501956332796,0.003721152316240114,0.003991643544430337,0.9538479629714738,-0.8662426724039248,0.00271773130373845,0.0031951576935613756,0.8974010448913416,-0.9794650182432326,0.03527199432182115
small,lime,border_default,971,0.0038635977623356793,0.005432011698222832,0.9017179917132675,-4.0055398562719295,0.0019375423953385915,0.0027265979922422114,0.9017182972327533,-3.995569596612982,0.001958728565145008,0.0027676725434225787,0.896782878046342,-4.022653091237455,0.03527199432182115
tiny,gradcam,border_default,285,0.0030325334083133246,0.0031556093779849304,1.105163796576879,-1.8534845281284518,0.00152122776995257,0.0015834805983918152,1.1053733981388014,-1.8461984267280642,0.0035488407018802602,0.0038176530579612828,1.485704720011816,-1.068422412370752,0.07225398831032237
tiny,lime,border_default,285,0.004093460279755238,0.005011165092988584,0.9816698020617582,-2.934813818772045,0.002052707679751011,0.00251424909407431,0.9817382453969824,-2.9286337340111834,0.002096596204245766,0.002569009486426501,0.9789863969656954,-2.941689829759188,0.07225398831032237
tiny,shap,border_default,285,0.007375578144010385,0.00771696396505291,0.9734878598252089,-0.6457503975697054,0.003703900390748316,0.0038762322101841347,0.9734015702356016,-0.6447388952811469,0.002852253786190116,0.0032479126163157345,0.9282071555070488,-0.6879034684085943,0.07225398831032237
very_tiny,gradcam,border_default,99,0.0030749910558340943,0.0030968135652482175,0.998203462816528,-3.165154266651611,0.0015427455182153043,0.001553713298924583,0.9982073266703143,-3.160364737134383,0.002818348797536769,0.003118115311386781,1.3482579719215337,-1.9100568267652946,0.13754678345097343
very_tiny,lime,border_default,99,0.0033347498955619034,0.0034613542055761735,1.1499248039860606,-0.574315345028169,0.001671540996337928,0.001735187478163342,1.1502128921669574,-0.5715926961035324,0.0017645137429071135,0.001810430703916735,1.1618589403474726,-0.5093598511182978,0.13754678345097343
very_tiny,shap,border_default,99,0.007245309055427731,0.007133595192209919,1.0216984196911276,0.14463782262955727,0.003638335181801672,0.0035817547913770524,1.0218058002238455,0.14526042974201003,0.002975839289549612,0.00307400991373768,0.9903224282082165,-0.04523792211433242,0.13754678345097343
normal,gradcam,border_w12_dil4_sigma8,11252,0.009226442742374663,0.011913505819743993,0.9977143729027402,-4.907621992087393,0.004652727536063885,0.006020393040481122,0.9987387329838623,-4.836844418765838,0.003519808244117779,0.0065242038733638215,1.8608518016799926,-2.03243915210353,0.024859643790821933
normal,lime,border_w12_dil4_sigma8,11252,0.01017090821615613,0.01480115528086802,0.7737273646449259,-5.382445527133674,0.005130231778672211,0.00748005621721315,0.7740310270651372,-5.3348086805224355,0.0051858747893677,0.007595800894292025,0.7694374870835659,-5.393598778945117,0.024859643790821933
normal,shap,border_w12_dil4_sigma8,11252,0.0121919018011311,0.021882040233473593,0.5210742290661967,-6.886030474159947,0.006164111149920079,0.01110778285128378,0.5193021417571393,-6.835415475469766,0.005391624786731955,0.008679758987690097,0.6194339839133723,-6.810098101892696,0.024859643790821933
small,gradcam,border_w12_dil4_sigma8,971,0.010719028134541815,0.011544758634248605,1.0097186820092288,-3.9811917055816317,0.005418937191287295,0.005843458968033439,1.0097844040128545,-3.943718679807359,0.009153421636885517,0.013648978700826079,1.1039442879177512,-4.0851359142362496,0.1272441925219569
small,lime,border_w12_dil4_sigma8,971,0.014696736609974755,0.01924905428397546,0.8936664038319874,-6.51739689368239,0.007428342099845634,0.00975705023359157,0.8932629543929672,-6.472119291057646,0.007553672020375801,0.009955025483911554,0.8885361331874159,-6.567307682304754,0.1272441925219569
small,shap,border_w12_dil4_sigma8,971,0.025545582343501513,0.027866293647170175,0.927596359488097,-2.0839835615104554,0.012978648749506405,0.014177626866922954,0.9268124158160337,-2.0739004664315193,0.009593554255401477,0.011435092796412527,0.8759781780782203,-2.4466118324908757,0.1272441925219569
tiny,gradcam,border_w12_dil4_sigma8,285,0.010659805282756027,0.011149922331281294,1.083027327008732,-3.718833584791781,0.005387761832797431,0.005642205003795101,1.083294648982208,-3.679465886729895,0.012547171440714822,0.013810091402123921,1.3121415458244496,-2.3556844321506434,0.2601424342664942
tiny,lime,border_w12_dil4_sigma8,285,0.015807917681490525,0.018020355036989302,0.9616995489847697,-4.02517562192179,0.007988724103036561,0.009119868049867938,0.9614920812733978,-4.003274135184313,0.008181302474194829,0.009311656532838193,0.9607139350755609,-4.0069217732411975,0.2601424342664942
tiny,shap,border_w12_dil4_sigma8,285,0.02626758652827821,0.02744803231334401,0.9622096776244873,-1.31161558655456,0.013338153638070897,0.013946135880212549,0.9617797568867316,-1.3071087840223354,0.010379074932598834,0.011777295748147606,0.9076782483870643,-1.8260753745284697,0.2601424342664942
very_tiny,gradcam,border_w12_dil4_sigma8,99,0.009495615844558988,0.009549178126164038,1.000592805666208,-3.3042435436540885,0.004799624523806776,0.004827262671615891,1.0005775551108067,-3.298474664955934,0.011795175117808133,0.012164987755340424,1.2504884455235319,-1.1233758837193377,0.26917454886744835
very_tiny,lime,border_w12_dil4_sigma8,99,0.010976912724773871,0.011265137250731458,1.1047699574970486,-0.4632719910486232,0.005528568675123484,0.005677036842689821,1.1050894163545586,-0.4561088372049927,0.005864198727067515,0.005937893284238838,1.1163588334495271,-0.2749747469698987,0.26917454886744835
very_tiny,shap,border_w12_dil4_sigma8,99,0.02108704366853862,0.021206850772836662,0.9974355005190743,-0.24563264862435932,0.010668228048080219,0.010729373617340993,0.9974218237440958,-0.24439065310131577,0.00886210985175378,0.009302799993984992,0.9685125391466716,-0.5764904199461989,0.26917454886744835
normal,gradcam,border_w16_dil6_sigma10,11252,0.016826474731976064,0.021648158235718896,0.9649044537382421,-6.796963505753349,0.008544052113592656,0.011032578683096634,0.966371558464039,-6.630290383101462,0.00653085170314658,0.012072451807656941,1.639432256160766,-3.020396682683497,0.046371481269802665
normal,lime,border_w16_dil6_sigma10,11252,0.019148657179232326,0.02696673406761013,0.7798715432166892,-6.862886647205766,0.009729916147320892,0.01374750145370764,0.7801075543885061,-6.762260138169568,0.009919148367078497,0.014055585688036488,0.7756399489352963,-6.880180081082229,0.046371481269802665
normal,shap,border_w16_dil6_sigma10,11252,0.022860806700301835,0.03967536288016084,0.5270342474868932,-9.145001287288986,0.01166989842773212,0.02038865667726509,0.5237293121921668,-9.031012258504482,0.010245224121262952,0.01608154526397918,0.6260467029280046,-9.098201021483636,0.046371481269802665
small,gradcam,border_w16_dil6_sigma10,971,0.01941296938373467,0.020733569299421963,1.001154999091367,-4.771614871209304,0.009893042594689252,0.010585748967061126,1.0011609567610693,-4.69743448861853,0.017883729351827842,0.0248467235545544,1.026362250563326,-5.030737527438364,0.2283414536413154
small,lime,border_w16_dil6_sigma10,971,0.028684537989587255,0.034474603544110756,0.9249150185077369,-6.565389115817833,0.01462747727613392,0.017645285172089777,0.9241095967356093,-6.498521204793712,0.014926065039283745,0.018032252151053394,0.9210545297295561,-6.628185832022358,0.2283414536413154
small,shap,border_w16_dil6_sigma10,971,0.046115911981575414,0.04969091095748858,0.9332081118383675,-2.5436771201386286,0.023706918067953497,0.025598540012111832,0.9318384522723518,-2.5275405515806706,0.017910539403262316,0.020750903762005564,0.8888655756071132,-3.156074260177768,0.2283414536413154
tiny,gradcam,border_w16_dil6_sigma10,285,0.015510386917935643,0.016004610829013343,1.0516534029434121,-3.23823802319396,0.007877661412830392,0.008140000417012261,1.0517762556794787,-3.1982806931671965,0.01882314942024965,0.020328136106008858,1.199920788954157,-2.366388070431881,0.35997193256439347
tiny,lime,border_w16_dil6_sigma10,285,0.023431035401757838,0.025357838985619007,0.9769232256682118,-3.1840057896380975,0.011893234512275273,0.012888446730148656,0.976621309865321,-3.164202070315882,0.012200189586558653,0.013200354309954724,0.9759580829471494,-3.1788758119767975,0.35997193256439347
tiny,shap,border_w16_dil6_sigma10,285,0.03698536050659125,0.038366590659661436,0.965569692254138,-1.368437173477459,0.018882487427178934,0.019600760572840725,0.9649905611989491,-1.3643819247096294,0.014911857054857359,0.016542333608245578,0.9173169248836145,-2.1310445846821215,0.35997193256439347
very_tiny,shap,border_w16_dil6_sigma10,99,0.026612930399513672,0.02632452870676276,1.022007558356686,0.26574224814729647,0.013496099239085561,0.013349331831893943,1.0221861635420408,0.26644601760774833,0.011233467324119412,0.011454753778460905,0.9959534949012726,-0.03655624342586957,0.06952976481517673
very_tiny,lime,border_w16_dil6_sigma10,99,0.01455273379303436,0.015673369036850793,0.9673675135717855,-1.7595429194239676,0.0073425481186292895,0.007910768930306795,0.9672280281407799,-1.7520823554154992,0.007374106570043444,0.007940618907450656,0.9673675091785612,-1.7595430993811332,0.06952976481517673
very_tiny,gradcam,border_w16_dil6_sigma10,99,0.013732002686004309,0.013770754927869505,0.9986302300307917,-3.10498334737338,0.006954448292209066,0.006974449784621934,0.9986085230043868,-3.104094119988593,0.02423415379598735,0.02700849911653978,0.8471515547022237,-4.740625622236952,0.06952976481517673
normal,gradcam,border_w16_dil6_sigma10_dist,11252,0.011868344626195673,0.015434798664472489,0.9811080618588454,-5.861824290775338,0.005998833090761959,0.007822506997211778,0.9823278028206806,-5.756494806211248,0.004514415830722142,0.008572034349611006,1.8002350300042151,-2.4517203337930495,0.03296841197389219
normal,lime,border_w16_dil6_sigma10_dist,11252,0.013175636214623537,0.01923778760840588,0.7687320707608811,-6.2762832582630015,0.006661764334769131,0.009751717807364875,0.7690323953064726,-6.206637060207277,0.006751225321273483,0.009926651754194528,0.7643001433883493,-6.294351922344054,0.03296841197389219
normal,shap,border_w16_dil6_sigma10_dist,11252,0.01581082527814799,0.028457921377218448,0.5092374546134888,-8.034089992035355,0.008020648827440358,0.014508723970682128,0.5069040723475404,-7.9588312369700525,0.007038819472883584,0.011361113856439993,0.6115879631704947,-7.910038023799278,0.03296841197389219
small,gradcam,border_w16_dil6_sigma10_dist,971,0.014386441451131634,0.015495732063221149,1.0093103179680483,-4.544837499845374,0.007293538805006705,0.007868242700264547,1.0093406235142037,-4.488887621102843,0.012579244524916895,0.018424417863063338,1.0600819546434108,-4.770180467474322,0.1704155379581611
small,lime,border_w16_dil6_sigma10_dist,971,0.020109097894376884,0.025805336373745522,0.9087504560722873,-7.2163215295181615,0.010193562277718591,0.013127090630933529,0.908205240680413,-7.152280732016809,0.010368969440197294,0.01338693597278237,0.9041051478607715,-7.277044427320864,0.1704155379581611
small,shap,border_w16_dil6_sigma10_dist,971,0.034353280846235325,0.03734732090627825,0.9289646830456036,-2.390596728586213,0.017529715242535236,0.019090807609504292,0.9279228541580462,-2.376359121813999,0.013026100802177708,0.015428741011204079,0.8784521526056095,-2.8229386037315263,0.1704155379581611
tiny,gradcam,border_w16_dil6_sigma10_dist,285,0.01298179490140409,0.013521167860779676,1.065498038864785,-3.464661095450183,0.006574728164915303,0.006857608309260049,1.0656782627364816,-3.42447339364193,0.015568263129135217,0.017034191010476256,1.263065102148419,-2.392711612743203,0.307145324808606
tiny,lime,border_w16_dil6_sigma10_dist,285,0.01887733189584217,0.02140235025447834,0.9708487886065739,-4.329417315885737,0.00955348197515673,0.010849163339447247,0.9705261587408225,-4.303928385036777,0.009795541133659614,0.011100170996392227,0.9693539774828914,-4.332145454501716,0.307145324808606
tiny,shap,border_w16_dil6_sigma10_dist,285,0.031044520297226465,0.03245492329089357,0.960147446310366,-1.5511511564126867,0.01579437006406644,0.016523183049694277,0.9596319997510194,-1.5451536743887466,0.012238176164879665,0.013942333640765126,0.902203544619169,-2.1647953221059453,0.307145324808606
very_tiny,gradcam,border_w16_dil6_sigma10_dist,99,0.01527836114479366,0.015320459209778505,0.9984309290174588,-3.1835152253738723,0.007754328076160262,0.007776019594531527,0.9984074402807652,-3.18250208656078,0.03170070220302375,0.033028540583715446,1.1039510826776113,-2.310016520971127,0.08021339322407874
very_tiny,shap,border_w16_dil6_sigma10_dist,99,0.030441767129030003,0.03037758492934343,1.0134103427242,-0.16964904940741724,0.015481477936529946,0.015450448919221696,1.0135380288675466,-0.1664492571336712,0.012779422207838911,0.013171018338374117,0.9856960910256755,-0.12678065646011152,0.08021339322407874
very_tiny,lime,border_w16_dil6_sigma10_dist,99,0.014833821388305095,0.017443683411131054,0.8877826927801322,-4.4073650915897575,0.007490143704203384,0.008818603069036429,0.8871929155390067,-4.389973963881006,0.007532226458554007,0.008854541319629337,0.8877826923878342,-4.407364192340496,0.08021339322407874
normal,gradcam,border_w8_dil2_sigma5,11252,0.0035591507736400193,0.004575863159999716,1.019212422057152,-2.8199921783441817,0.0017858126135365361,0.002297807319312565,1.0196709115137643,-2.8031220649400836,0.001321750861890177,0.0024489124171399234,2.185616658373814,-1.1283072876618174,0.009229368339286618
normal,lime,border_w8_dil2_sigma5,11252,0.0038453169205639433,0.005663479569503959,0.77594589973323,-3.3340751008339002,0.001929446242327904,0.00284391807478628,0.7761001392100839,-3.321835395719802,0.0019381000607554429,0.002874130102504438,0.7716483050696782,-3.341172326546307,0.009229368339286618
normal,shap,border_w8_dil2_sigma5,11252,0.004613529471263395,0.008377808659644671,0.5303923323997166,-4.178406117849837,0.002316740738530217,0.004214318303615955,0.5297506613626112,-4.165556921119609,0.0020156980957335246,0.0032747279381729402,0.6240301363070867,-4.119474572182269,0.009229368339286618
small,gradcam,border_w8_dil2_sigma5,971,0.003713080160284443,0.004043302336750936,1.0518942108377027,-2.628203070871527,0.0018642409696019854,0.0020311319753917477,1.051957058975249,-2.618383987236966,0.0029980802139873285,0.004769909592832129,1.2637540709447292,-2.5182663803798184,0.04282879563601211
small,shap,border_w8_dil2_sigma5,971,0.008880156950833272,0.009607477428681578,0.94617533103897,-1.0620492651163465,0.0044656156770637645,0.004833721869977345,0.9459945384784534,-1.0593748689684763,0.0032479554970089295,0.0038820012162552207,0.887107981109483,-1.230809683780193,0.04282879563601211
small,lime,border_w8_dil2_sigma5,971,0.004645412260111695,0.006628038924923973,0.8910621674459709,-4.586093608013173,0.002331212464298007,0.0033304048643131305,0.891018856373251,-4.5725630115366585,0.002356790765524136,0.003390466028089507,0.8850195734718652,-4.627022031765162,0.04282879563601211
tiny,gradcam,border_w8_dil2_sigma5,285,0.003984658684955791,0.004168239642518006,1.1732183145400217,-2.0354244145821467,0.00200117607818091,0.002094658470817351,1.1735199686570266,-2.0223828059130278,0.004276868218444721,0.004768357233474407,1.688025361248756,-1.2463329261488338,0.09585482328977958
tiny,lime,border_w8_dil2_sigma5,285,0.0054877896246391215,0.006636960049022908,0.9815962789559861,-3.187139675478939,0.0027551388736684365,0.0033344719954790003,0.9816944823897927,-3.178087260681532,0.002804694588146974,0.003397919703241477,0.9790119865467098,-3.2058104418916935,0.09585482328977958
tiny,shap,border_w8_dil2_sigma5,285,0.009701613801090511,0.010153217624575751,0.9690689521033204,-0.749431669617816,0.00488029939163892,0.005108874193667957,0.9689508980675626,-0.74780951511981,0.0037812414489228484,0.004316554290604968,0.9150542016621857,-0.8942626270717744,0.09585482328977958
very_tiny,gradcam,border_w8_dil2_sigma5,99,0.004367093059865139,0.0044236308954265875,0.9975980115185541,-4.472349978751643,0.0021940928801406955,0.002222811978456403,0.9975738798439425,-4.467464515632348,0.004880765517128198,0.0050793132529865885,1.3968731418633025,-1.5145408516565186,0.1925316261584522
very_tiny,lime,border_w8_dil2_sigma5,99,0.0050219774571267,0.005139501492554702,1.192414382715037,-0.5552403521132914,0.0025202906506141716,0.0025798420571439685,1.1928794215322736,-0.5505316468693856,0.0026714681325199574,0.0026972682856566898,1.2072248601812072,-0.43818160147515345,0.1925316261584522
very_tiny,shap,border_w8_dil2_sigma5,99,0.010441202203100413,0.010420989007064728,1.0123378784605706,-0.06773578974475128,0.00525339774787669,0.005243041116960326,1.0124059502255476,-0.06683934252387957,0.004361631155099516,0.004587737879227576,0.9811936500851709,-0.257191866365728,0.1925316261584522
normal,gradcam,colour_heterogeneity,11252,0.09894743418320082,0.0983212672013987,1.0564744132754913,1.05687942369739,0.054529336827481865,0.05379705694712936,1.0642394736410705,1.8590025148085614,0.06288935888487143,0.05711508197327562,1.354708238635781,3.186949466723778,0.17820265724320866
normal,shap,colour_heterogeneity,11252,0.15135433763555142,0.15418996166846458,1.0660774783669846,-0.40148136115555455,0.08535270306346696,0.08611469192359957,1.0828827829112486,0.4526076862165921,0.08274890439737825,0.07897325168288954,1.1271312624989618,4.419207463181727,0.17820265724320866
normal,lime,colour_heterogeneity,11252,0.10704533875617912,0.11509962079771142,0.9861022700002621,-4.493571354776267,0.05865748916765015,0.06291957899511161,0.991836475575056,-3.9434579896769124,0.06514903760982971,0.0699746863269573,0.9862476156492698,-4.482612432728119,0.17820265724320866
small,gradcam,colour_heterogeneity,971,0.02344907328000068,0.023725463456910328,1.0138543874365498,-1.2143591004968912,0.012065490829471654,0.012210982599276252,1.013975120892225,-1.18897753844225,0.029488406023574016,0.030435584151504408,1.1414391548045197,-0.5729437189137425,0.23584599620814298
small,shap,colour_heterogeneity,971,0.05411403571787659,0.05294138881848812,1.0428042149160504,0.5768125544381292,0.028082353037595386,0.02744733900055736,1.0442737295903948,0.6045659668940844,0.023844923091890197,0.022535495753100848,1.0928298607578286,2.567732914901873,0.23584599620814298
small,lime,colour_heterogeneity,971,0.033749800952614324,0.03757338774035537,0.9960742970514779,-4.601070404166058,0.01733823457062939,0.019336849783389006,0.996586473752324,-4.5168136528996925,0.01780277945710129,0.01983824224663107,0.9949947356490846,-4.632056586043209,0.23584599620814298
tiny,shap,colour_heterogeneity,285,0.03140679943383618,0.030491586963140978,1.0335952419760763,0.6906989962758796,0.016024597800681044,0.015545439308136833,1.0343380090123333,0.6978616261617093,0.014320887860294644,0.013349182467417444,1.0923016625023119,2.204777554837212,0.2832522473458319
tiny,gradcam,colour_heterogeneity,285,0.012551549592968935,0.012708426984181904,0.9977256231875135,-1.2062444407689477,0.006368905644025597,0.0064506462447256364,0.9977427168844365,-1.1995095826071496,0.016027556439573667,0.016428071191675962,1.0092730820651326,-0.7685642965590272,0.2832522473458319
tiny,lime,colour_heterogeneity,285,0.018939310933424335,0.02039900938901606,0.9555738886479239,-2.611542769067405,0.00961112518166351,0.010355731686837824,0.9555849741336894,-2.5947623283339984,0.00981551385653127,0.010611053639576566,0.951676676987533,-2.6683897363801607,0.2832522473458319
very_tiny,shap,colour_heterogeneity,99,0.01717548459566847,0.01667655918323447,1.0321184008207482,0.6087195052245958,0.008685262549041827,0.008429198154817668,1.0324720506041016,0.6110388907292422,0.00786566514594739,0.007343447039037837,1.0879506349311556,1.5177820769193826,0.3033148314521642
very_tiny,lime,colour_heterogeneity,99,0.008338333659231627,0.00848299112172492,1.0694493575521056,-0.7079440230280373,0.0042003586315853625,0.00427226608089781,1.0696611774026814,-0.7035015803637343,0.004289560817569184,0.004396040731036434,1.0654999525171907,-0.7807976478653281,0.3033148314521642
very_tiny,gradcam,colour_heterogeneity,99,0.007049378480048929,0.007088685382129233,0.9976281925797219,-1.675506383613162,0.003555898128938348,0.003576006843518288,0.9976058759851741,-1.6749126562481367,0.008948504416780025,0.008877799059226133,1.004251068334915,-0.157147097600026,0.3033148314521642
