mask_size_class,xai_method,concept,n,mean_iou,mean_dice,mean_sir,mean_tixai,mean_pearson_corr,mean_concept_area
normal,shap,asymmetry,11254,0.034126972195339035,0.06502504419558608,0.03757416669381787,0.5469891942133165,0.027219373232883485,0.03542090752936371
normal,lime,asymmetry,11254,0.033279012585169944,0.06321830483234399,0.03692126796938422,0.5212130703834159,0.014308483207754045,0.03542090752936371
normal,gradcam,asymmetry,11254,0.031115375771812833,0.05899584938934474,0.024093257032900415,0.24111787820228278,-0.0048426979990217845,0.03542090752936371
small,shap,asymmetry,971,0.011959904305301298,0.02353597525658786,0.008803313949201006,0.6911753661293694,0.07145472406574076,0.003816124399682633
small,lime,asymmetry,971,0.0066276115765915985,0.013113441232000566,0.006715196820692208,0.6057202467439748,0.028939074336327333,0.003816124399682633
small,gradcam,asymmetry,971,0.005271846679343752,0.010414617796151358,0.009404861651768981,0.2927725862186061,0.02265398479226455,0.003816124399682633
tiny,shap,asymmetry,285,0.005698045347107352,0.01131607143250297,0.004375861213428148,0.7222821409242195,0.05951284416567731,0.0016306111260293592
tiny,lime,asymmetry,285,0.0032122069835706277,0.006394696687718498,0.003287310805733381,0.6353216009181842,0.02501952886047045,0.0016306111260293592
tiny,gradcam,asymmetry,285,0.0024607450188372146,0.004892415359173918,0.0058132690319644895,0.296490792917055,0.026311429288660645,0.0016306111260293592
very_tiny,shap,asymmetry,99,0.003306659190676286,0.006581649603512926,0.0026492106203798845,0.734397646754679,0.051236085086649175,0.0009113375463821892
very_tiny,lime,asymmetry,99,0.0017257278493700374,0.0034404792502961802,0.0017651613836113195,0.6021914649190325,0.016955029226045824,0.0009113375463821892
very_tiny,gradcam,asymmetry,99,0.0015513972673013698,0.003085526468167363,0.0031794528227012528,0.24776008544546185,0.018286777318651408,0.0009113375463821892
normal,shap,border_default,11254,0.0020529787604575598,0.004090440693324649,0.0017734045716564328,0.5189091311643566,0.025821169769068952,0.001494910298900527
normal,lime,border_default,11254,0.0016971727386125574,0.0033835850308933583,0.0017039208489734523,0.4500111091033919,0.01333631937506317,0.001494910298900527
normal,gradcam,border_default,11254,0.0015697507306734308,0.0031294420639624513,0.001216943196429639,0.19046274986590636,0.0004617072485073916,0.001494910298900527
small,shap,border_default,971,0.0037211523162401627,0.007406811157720876,0.0027177313037384993,0.6869473445059465,0.09954503906277126,0.0011731106094600558
small,lime,border_default,971,0.0019375423953386375,0.0038635977623357252,0.0019587285651450526,0.5561705583171299,0.04327910104907259,0.0011731106094600558
small,gradcam,border_default,971,0.0015887709504518897,0.0031663563372783445,0.002813775056398977,0.25614443589404734,0.03310069833570583,0.0011731106094600558
tiny,shap,border_default,285,0.0037039003907483638,0.007375578144010436,0.002852253786190168,0.7185937454825954,0.1024043333662199,0.00106187623075546
tiny,lime,border_default,285,0.0020527076797510566,0.0040934602797552825,0.0020965962042458143,0.6064753108902982,0.04757371701806414,0.00106187623075546
tiny,gradcam,border_default,285,0.0015212277699526134,0.003032533408313362,0.0035488407018802767,0.27860049547202753,0.045890369154003616,0.00106187623075546
very_tiny,shap,border_default,99,0.003638335181801723,0.007245309055427778,0.002975839289549663,0.7390648144664187,0.10440651957470028,0.000948177566481138
very_tiny,lime,border_default,99,0.0016715409963379746,0.0033347498955619516,0.0017645137429071563,0.5732506787159828,0.032563281497599655,0.000948177566481138
very_tiny,gradcam,border_default,99,0.0015427455182153468,0.003074991055834138,0.0028183487975367845,0.24843420404376407,0.03650759371209878,0.000948177566481138
normal,shap,border_w12_dil4_sigma8,11254,0.006163015697432134,0.012189735122296756,0.005390666616341613,0.5170384943127759,0.04572159687477242,0.004478272379571164
normal,lime,border_w12_dil4_sigma8,11254,0.005129320061633215,0.010169100697368871,0.005184953183753852,0.4530696031868872,0.027405781596392693,0.004478272379571164
normal,gradcam,border_w12_dil4_sigma8,11254,0.004651900678495762,0.009224803068882194,0.0035191827228375216,0.1831310692642705,0.0009656961444987619,0.004478272379571164
small,shap,border_w12_dil4_sigma8,971,0.012978648749506454,0.02554558234350156,0.009593554255401525,0.687010515546455,0.1502862158641394,0.004187402464847937
small,lime,border_w12_dil4_sigma8,971,0.007428342099845681,0.014696736609974802,0.007553672020375848,0.5895573255864004,0.07588984790862105,0.004187402464847937
small,gradcam,border_w12_dil4_sigma8,971,0.005418937191287336,0.010719028134541859,0.009153421636885532,0.25587487307350304,0.049829029018596135,0.004187402464847937
tiny,shap,border_w12_dil4_sigma8,285,0.013338153638070942,0.026267586528278253,0.010379074932598886,0.722068394694412,0.15198090694748242,0.0038262508950948804
tiny,lime,border_w12_dil4_sigma8,285,0.007988724103036608,0.01580791768149057,0.008181302474194876,0.6367843786940763,0.07559705985168862,0.0038262508950948804
tiny,gradcam,border_w12_dil4_sigma8,285,0.005387761832797471,0.010659805282756066,0.012547171440714839,0.29327703257532495,0.06502787298959926,0.0038262508950948804
very_tiny,shap,border_w12_dil4_sigma8,99,0.008189750824788889,0.016188033523322612,0.006803235845790819,0.5716648812245841,0.11246981938877935,0.002174970366934653
very_tiny,lime,border_w12_dil4_sigma8,99,0.004244153730397862,0.008426720879624424,0.00450180912380944,0.4792376467675874,0.037954933947728385,0.002174970366934653
very_tiny,gradcam,border_w12_dil4_sigma8,99,0.0036845602404981595,0.007289563678651374,0.009054881908620397,0.19029362755592424,0.041979070201508865,0.002174970366934653
normal,shap,border_w16_dil6_sigma10,11254,0.011667824516513447,0.02285674400140366,0.010243403395455064,0.5217386920628061,0.06615800565388023,0.008237540201125767
normal,lime,border_w16_dil6_sigma10,11254,0.009728186999258502,0.019145254183465667,0.009917385589689688,0.46751505469089705,0.04216968222174908,0.008237540201125767
normal,gradcam,border_w16_dil6_sigma10,11254,0.00854253371087125,0.01682348442191178,0.006529691075511422,0.18423207601088304,0.002775505215344819,0.008237540201125767
small,shap,border_w16_dil6_sigma10,971,0.023706918067953546,0.046115911981575455,0.017910539403262364,0.693438680760033,0.1879899202714272,0.007624695572101137
small,lime,border_w16_dil6_sigma10,971,0.01462747727613397,0.0286845379895873,0.014926065039283792,0.6179502845524084,0.10050334888017567,0.007624695572101137
small,gradcam,border_w16_dil6_sigma10,971,0.009893042594689296,0.019412969383734716,0.017883729351827856,0.2663628042751806,0.06489948818604066,0.007624695572101137
tiny,shap,border_w16_dil6_sigma10,285,0.01881623308532923,0.03685558731183132,0.014859534749401765,0.7242924562671729,0.16912658858087223,0.005383016693519513
tiny,lime,border_w16_dil6_sigma10,285,0.01185150386486383,0.023348821242453473,0.012157381903798841,0.6498645735675829,0.08550431837810425,0.005383016693519513
tiny,gradcam,border_w16_dil6_sigma10,285,0.007850020495592433,0.015455964507697314,0.018757103281933,0.29339395856256023,0.07143117917679973,0.005383016693519513
very_tiny,shap,border_w16_dil6_sigma10,99,0.002453836225288291,0.004838714618093404,0.002042448604385359,0.1350129150380992,0.029428293143913042,0.000656678391053391
very_tiny,lime,border_w16_dil6_sigma10,99,0.001335008748841698,0.0026459515987335277,0.0013407466490988177,0.11219186463741342,0.009959725530833343,0.000656678391053391
very_tiny,gradcam,border_w16_dil6_sigma10,99,0.0012644451440380219,0.002496727761091702,0.0044062097810886125,0.06754652177444612,0.020829149626682305,0.000656678391053391
normal,shap,border_w16_dil6_sigma10_dist,11254,0.00801922344111955,0.015808015463810356,0.007037568571964335,0.5143876421017536,0.052422804860340934,0.005808826079525466
normal,lime,border_w16_dil6_sigma10_dist,11254,0.006660580442049294,0.013173294711830864,0.006750025530031076,0.45519210844229024,0.03226727601083284,0.005808826079525466
normal,gradcam,border_w16_dil6_sigma10_dist,11254,0.005997767010596591,0.011866235448192127,0.004513613553162055,0.1810227877146045,0.0010604051015349885,0.005808826079525466
small,shap,border_w16_dil6_sigma10_dist,971,0.017529715242535285,0.034353280846235366,0.013026100802177757,0.6887180717119105,0.1688655891137467,0.005664735722430063
small,lime,border_w16_dil6_sigma10_dist,971,0.01019356227771864,0.020109097894376933,0.01036896944019734,0.6011072984435255,0.08709553830362661,0.005664735722430063
small,gradcam,border_w16_dil6_sigma10_dist,971,0.007293538805006748,0.014386441451131679,0.01257924452491691,0.2626565790446964,0.057158963252600135,0.005664735722430063
tiny,shap,border_w16_dil6_sigma10_dist,285,0.015738951221736432,0.030935592155832737,0.012195235195880135,0.7188491971869218,0.1627796673032726,0.0045309283252774795
tiny,lime,border_w16_dil6_sigma10_dist,285,0.009519960985770267,0.018811095643576106,0.009761170813892437,0.6424536128708145,0.08111006733294156,0.0045309283252774795
tiny,gradcam,border_w16_dil6_sigma10_dist,285,0.006551658943284063,0.012936244743855345,0.015513637644471601,0.29461308398136965,0.07023515373730574,0.0045309283252774795
very_tiny,shap,border_w16_dil6_sigma10_dist,99,0.0028148141702781797,0.00553486675073274,0.002323531310516174,0.13462814056512082,0.030397353682431093,0.0007573341836734694
very_tiny,gradcam,border_w16_dil6_sigma10_dist,99,0.0014098778320291439,0.002777883844507946,0.005763764036913412,0.07140816522367073,0.02209307648997943,0.0007573341836734694
very_tiny,lime,border_w16_dil6_sigma10_dist,99,0.0013618443098551692,0.002697058434237298,0.0013694957197371005,0.1081164629772456,0.009706756244865236,0.0007573341836734694
normal,shap,border_w8_dil2_sigma5,11254,0.002316329019898923,0.004612709579763306,0.0020153398767721853,0.5156810147777499,0.027003427349889864,0.0017078323965537875
normal,lime,border_w8_dil2_sigma5,11254,0.0019291033515793543,0.003844633551642613,0.0019377556320970958,0.4462387506142179,0.01365715633041812,0.0017078323965537875
normal,gradcam,border_w8_dil2_sigma5,11254,0.00178549524857949,0.0035585182606182666,0.0013215159674772063,0.18617553194513503,3.628750821179068e-05,0.0017078323965537875
small,shap,border_w8_dil2_sigma5,971,0.004465615677063815,0.008880156950833322,0.0032479554970089794,0.6850864743597107,0.10299728270815253,0.0014192678229891338
small,lime,border_w8_dil2_sigma5,971,0.002331212464298052,0.00464541226011174,0.0023567907655241828,0.5564883527884031,0.04419049195950207,0.0014192678229891338
small,gradcam,border_w8_dil2_sigma5,971,0.001864240969602028,0.0037130801602844846,0.002998080213987344,0.24742075225796809,0.032758334640665514,0.0014192678229891338
tiny,shap,border_w8_dil2_sigma5,285,0.004880299391638974,0.009701613801090561,0.0037812414489228996,0.717551230547721,0.10592929915920551,0.0013907536698890084
tiny,lime,border_w8_dil2_sigma5,285,0.002755138873668485,0.005487789624639168,0.002804694588147022,0.6114505618287805,0.048920237042144606,0.0013907536698890084
tiny,gradcam,border_w8_dil2_sigma5,285,0.002001176078180955,0.003984658684955831,0.004276868218444737,0.28575875016680935,0.04631581528787345,0.0013907536698890084
very_tiny,shap,border_w8_dil2_sigma5,99,0.005200333124160812,0.010335735514180251,0.0043175742747450264,0.7340154978964064,0.11153444873844048,0.0013526125412286127
very_tiny,lime,border_w8_dil2_sigma5,99,0.002494833169294881,0.0049712504121052605,0.0026444836059288882,0.5819521421434903,0.034285912434333446,0.0013526125412286127
very_tiny,gradcam,border_w8_dil2_sigma5,99,0.0021719303257958763,0.004322981008755432,0.00483146485533904,0.24516478692642366,0.04098279571223734,0.0013526125412286127
normal,shap,colour_heterogeneity,11254,0.08535669298190057,0.15136122495277676,0.08275915936890813,0.6609322261710732,0.3676631895144369,0.04438263043604904
normal,lime,colour_heterogeneity,11254,0.0586679504122266,0.10706212516808855,0.06516425670497492,0.5797516858402445,0.1812551150458491,0.04438263043604904
normal,gradcam,colour_heterogeneity,11254,0.05454331340452327,0.09897065181723921,0.06290149478690696,0.32171210865087796,0.09711739937851387,0.04438263043604904
small,shap,colour_heterogeneity,971,0.028082353037595438,0.05411403571787664,0.023844923091890246,0.7289645825920341,0.2571676954224776,0.008223555658746506
small,lime,colour_heterogeneity,971,0.017338234570629437,0.03374980095261437,0.017802779457101337,0.6300654996639208,0.12836192323625134,0.008223555658746506
small,gradcam,colour_heterogeneity,971,0.012065490829471698,0.023449073280000718,0.02948840602357403,0.29213652646492294,0.0960437565433756,0.008223555658746506
tiny,shap,colour_heterogeneity,285,0.016024597800681096,0.03140679943383623,0.014320887860294692,0.7520214934098093,0.20601658072896137,0.004268413779985679
tiny,lime,colour_heterogeneity,285,0.009611125181663559,0.01893931093342438,0.009815513856531318,0.6326432271680811,0.08990830600295004,0.004268413779985679
tiny,gradcam,colour_heterogeneity,285,0.0063689056440256395,0.012551549592968975,0.01602755643957368,0.27947726756857155,0.07707105075577138,0.004268413779985679
very_tiny,shap,colour_heterogeneity,99,0.008685262549041877,0.01717548459566852,0.007865665145947437,0.7583541924303229,0.15663479335622058,0.0022414031900639046
very_tiny,lime,colour_heterogeneity,99,0.004200358631585406,0.008338333659231674,0.004289560817569233,0.5709624685196564,0.044066333530365674,0.0022414031900639046
very_tiny,gradcam,colour_heterogeneity,99,0.0035558981289383882,0.007049378480048971,0.008948504416780039,0.24411108909231244,0.05168210993308252,0.0022414031900639046
